date,state,district,lat,lon,rainfall_mm,rain_3day,rain_7day
2023-01-01,Sikkim,East Sikkim,27.33,88.61,23,23.0,23.0
2023-01-01,Meghalaya,East Khasi Hills,25.57,91.88,4,4.0,4.0
2023-01-02,Sikkim,East Sikkim,27.33,88.61,36,59.0,59.0
2023-01-02,Meghalaya,East Khasi Hills,25.57,91.88,7,11.0,11.0
2023-01-03,Sikkim,East Sikkim,27.33,88.61,3,62.0,62.0
2023-01-03,Meghalaya,East Khasi Hills,25.57,91.88,35,46.0,46.0
2023-01-04,Sikkim,East Sikkim,27.33,88.61,32,71.0,94.0
2023-01-04,Meghalaya,East Khasi Hills,25.57,91.88,12,54.0,58.0
2023-01-05,Sikkim,East Sikkim,27.33,88.61,36,71.0,130.0
2023-01-05,Meghalaya,East Khasi Hills,25.57,91.88,34,81.0,92.0
2023-01-06,Sikkim,East Sikkim,27.33,88.61,9,77.0,139.0
2023-01-06,Meghalaya,East Khasi Hills,25.57,91.88,10,56.0,102.0
2023-01-07,Sikkim,East Sikkim,27.33,88.61,20,65.0,159.0
2023-01-07,Meghalaya,East Khasi Hills,25.57,91.88,33,77.0,135.0
2023-01-08,Sikkim,East Sikkim,27.33,88.61,28,57.0,164.0
2023-01-08,Meghalaya,East Khasi Hills,25.57,91.88,7,50.0,138.0
2023-01-09,Sikkim,East Sikkim,27.33,88.61,13,61.0,141.0
2023-01-09,Meghalaya,East Khasi Hills,25.57,91.88,37,77.0,168.0
2023-01-10,Sikkim,East Sikkim,27.33,88.61,31,72.0,169.0
2023-01-10,Meghalaya,East Khasi Hills,25.57,91.88,5,49.0,138.0
2023-01-11,Sikkim,East Sikkim,27.33,88.61,32,76.0,169.0
2023-01-11,Meghalaya,East Khasi Hills,25.57,91.88,28,70.0,154.0
2023-01-12,Sikkim,East Sikkim,27.33,88.61,3,66.0,136.0
2023-01-12,Meghalaya,East Khasi Hills,25.57,91.88,29,62.0,149.0
2023-01-13,Sikkim,East Sikkim,27.33,88.61,8,43.0,135.0
2023-01-13,Meghalaya,East Khasi Hills,25.57,91.88,32,89.0,171.0
2023-01-14,Sikkim,East Sikkim,27.33,88.61,26,37.0,141.0
2023-01-14,Meghalaya,East Khasi Hills,25.57,91.88,29,90.0,167.0
2023-01-15,Sikkim,East Sikkim,27.33,88.61,36,70.0,149.0
2023-01-15,Meghalaya,East Khasi Hills,25.57,91.88,3,64.0,163.0
2023-01-16,Sikkim,East Sikkim,27.33,88.61,35,97.0,171.0
2023-01-16,Meghalaya,East Khasi Hills,25.57,91.88,29,61.0,155.0
2023-01-17,Sikkim,East Sikkim,27.33,88.61,19,90.0,159.0
2023-01-17,Meghalaya,East Khasi Hills,25.57,91.88,1,33.0,151.0
2023-01-18,Sikkim,East Sikkim,27.33,88.61,25,79.0,152.0
2023-01-18,Meghalaya,East Khasi Hills,25.57,91.88,16,46.0,139.0
2023-01-19,Sikkim,East Sikkim,27.33,88.61,0,44.0,149.0
2023-01-19,Meghalaya,East Khasi Hills,25.57,91.88,13,30.0,123.0
2023-01-20,Sikkim,East Sikkim,27.33,88.61,37,62.0,178.0
2023-01-20,Meghalaya,East Khasi Hills,25.57,91.88,4,33.0,95.0
2023-01-21,Sikkim,East Sikkim,27.33,88.61,2,39.0,154.0
2023-01-21,Meghalaya,East Khasi Hills,25.57,91.88,27,44.0,93.0
2023-01-22,Sikkim,East Sikkim,27.33,88.61,22,61.0,140.0
2023-01-22,Meghalaya,East Khasi Hills,25.57,91.88,4,35.0,94.0
2023-01-23,Sikkim,East Sikkim,27.33,88.61,34,58.0,139.0
2023-01-23,Meghalaya,East Khasi Hills,25.57,91.88,3,34.0,68.0
2023-01-24,Sikkim,East Sikkim,27.33,88.61,4,60.0,124.0
2023-01-24,Meghalaya,East Khasi Hills,25.57,91.88,30,37.0,97.0
2023-01-25,Sikkim,East Sikkim,27.33,88.61,2,40.0,101.0
2023-01-25,Meghalaya,East Khasi Hills,25.57,91.88,18,51.0,99.0
2023-01-26,Sikkim,East Sikkim,27.33,88.61,26,32.0,127.0
2023-01-26,Meghalaya,East Khasi Hills,25.57,91.88,11,59.0,97.0
2023-01-27,Sikkim,East Sikkim,27.33,88.61,8,36.0,98.0
2023-01-27,Meghalaya,East Khasi Hills,25.57,91.88,26,55.0,119.0
2023-01-28,Sikkim,East Sikkim,27.33,88.61,23,57.0,119.0
2023-01-28,Meghalaya,East Khasi Hills,25.57,91.88,24,61.0,116.0
2023-01-29,Sikkim,East Sikkim,27.33,88.61,28,59.0,125.0
2023-01-29,Meghalaya,East Khasi Hills,25.57,91.88,24,74.0,136.0
2023-01-30,Sikkim,East Sikkim,27.33,88.61,24,75.0,115.0
2023-01-30,Meghalaya,East Khasi Hills,25.57,91.88,5,53.0,138.0
2023-01-31,Sikkim,East Sikkim,27.33,88.61,34,86.0,145.0
2023-01-31,Meghalaya,East Khasi Hills,25.57,91.88,8,37.0,116.0
2023-02-01,Sikkim,East Sikkim,27.33,88.61,22,80.0,165.0
2023-02-01,Meghalaya,East Khasi Hills,25.57,91.88,7,20.0,105.0
2023-02-02,Sikkim,East Sikkim,27.33,88.61,11,67.0,150.0
2023-02-02,Meghalaya,East Khasi Hills,25.57,91.88,34,49.0,128.0
2023-02-03,Sikkim,East Sikkim,27.33,88.61,25,58.0,167.0
2023-02-03,Meghalaya,East Khasi Hills,25.57,91.88,33,74.0,135.0
2023-02-04,Sikkim,East Sikkim,27.33,88.61,8,44.0,152.0
2023-02-04,Meghalaya,East Khasi Hills,25.57,91.88,14,81.0,125.0
2023-02-05,Sikkim,East Sikkim,27.33,88.61,0,33.0,124.0
2023-02-05,Meghalaya,East Khasi Hills,25.57,91.88,1,48.0,102.0
2023-02-06,Sikkim,East Sikkim,27.33,88.61,19,27.0,119.0
2023-02-06,Meghalaya,East Khasi Hills,25.57,91.88,29,44.0,126.0
2023-02-07,Sikkim,East Sikkim,27.33,88.61,34,53.0,119.0
2023-02-07,Meghalaya,East Khasi Hills,25.57,91.88,27,57.0,145.0
2023-02-08,Sikkim,East Sikkim,27.33,88.61,34,87.0,131.0
2023-02-08,Meghalaya,East Khasi Hills,25.57,91.88,24,80.0,162.0
2023-02-09,Sikkim,East Sikkim,27.33,88.61,14,82.0,134.0
2023-02-09,Meghalaya,East Khasi Hills,25.57,91.88,15,66.0,143.0
2023-02-10,Sikkim,East Sikkim,27.33,88.61,29,77.0,138.0
2023-02-10,Meghalaya,East Khasi Hills,25.57,91.88,22,61.0,132.0
2023-02-11,Sikkim,East Sikkim,27.33,88.61,9,52.0,139.0
2023-02-11,Meghalaya,East Khasi Hills,25.57,91.88,17,54.0,135.0
2023-02-12,Sikkim,East Sikkim,27.33,88.61,12,50.0,151.0
2023-02-12,Meghalaya,East Khasi Hills,25.57,91.88,7,46.0,141.0
2023-02-13,Sikkim,East Sikkim,27.33,88.61,2,23.0,134.0
2023-02-13,Meghalaya,East Khasi Hills,25.57,91.88,26,50.0,138.0
2023-02-14,Sikkim,East Sikkim,27.33,88.61,39,53.0,139.0
2023-02-14,Meghalaya,East Khasi Hills,25.57,91.88,1,34.0,112.0
2023-02-15,Sikkim,East Sikkim,27.33,88.61,15,56.0,120.0
2023-02-15,Meghalaya,East Khasi Hills,25.57,91.88,13,40.0,101.0
2023-02-16,Sikkim,East Sikkim,27.33,88.61,4,58.0,110.0
2023-02-16,Meghalaya,East Khasi Hills,25.57,91.88,6,20.0,92.0
2023-02-17,Sikkim,East Sikkim,27.33,88.61,38,57.0,119.0
2023-02-17,Meghalaya,East Khasi Hills,25.57,91.88,2,21.0,72.0
2023-02-18,Sikkim,East Sikkim,27.33,88.61,28,70.0,138.0
2023-02-18,Meghalaya,East Khasi Hills,25.57,91.88,38,46.0,93.0
2023-02-19,Sikkim,East Sikkim,27.33,88.61,3,69.0,129.0
2023-02-19,Meghalaya,East Khasi Hills,25.57,91.88,15,55.0,101.0
2023-02-20,Sikkim,East Sikkim,27.33,88.61,2,33.0,129.0
2023-02-20,Meghalaya,East Khasi Hills,25.57,91.88,25,78.0,100.0
2023-02-21,Sikkim,East Sikkim,27.33,88.61,28,33.0,118.0
2023-02-21,Meghalaya,East Khasi Hills,25.57,91.88,14,54.0,113.0
2023-02-22,Sikkim,East Sikkim,27.33,88.61,34,64.0,137.0
2023-02-22,Meghalaya,East Khasi Hills,25.57,91.88,13,52.0,113.0
2023-02-23,Sikkim,East Sikkim,27.33,88.61,3,65.0,136.0
2023-02-23,Meghalaya,East Khasi Hills,25.57,91.88,8,35.0,115.0
2023-02-24,Sikkim,East Sikkim,27.33,88.61,32,69.0,130.0
2023-02-24,Meghalaya,East Khasi Hills,25.57,91.88,18,39.0,131.0
2023-02-25,Sikkim,East Sikkim,27.33,88.61,14,49.0,116.0
2023-02-25,Meghalaya,East Khasi Hills,25.57,91.88,36,62.0,129.0
2023-02-26,Sikkim,East Sikkim,27.33,88.61,20,66.0,133.0
2023-02-26,Meghalaya,East Khasi Hills,25.57,91.88,36,90.0,150.0
2023-02-27,Sikkim,East Sikkim,27.33,88.61,38,72.0,169.0
2023-02-27,Meghalaya,East Khasi Hills,25.57,91.88,20,92.0,145.0
2023-02-28,Sikkim,East Sikkim,27.33,88.61,15,73.0,156.0
2023-02-28,Meghalaya,East Khasi Hills,25.57,91.88,19,75.0,150.0
2023-03-01,Sikkim,East Sikkim,27.33,88.61,9,62.0,131.0
2023-03-01,Meghalaya,East Khasi Hills,25.57,91.88,33,72.0,170.0
2023-03-02,Sikkim,East Sikkim,27.33,88.61,14,38.0,142.0
2023-03-02,Meghalaya,East Khasi Hills,25.57,91.88,26,78.0,188.0
2023-03-03,Sikkim,East Sikkim,27.33,88.61,19,42.0,129.0
2023-03-03,Meghalaya,East Khasi Hills,25.57,91.88,17,76.0,187.0
2023-03-04,Sikkim,East Sikkim,27.33,88.61,3,36.0,118.0
2023-03-04,Meghalaya,East Khasi Hills,25.57,91.88,35,78.0,186.0
2023-03-05,Sikkim,East Sikkim,27.33,88.61,37,59.0,135.0
2023-03-05,Meghalaya,East Khasi Hills,25.57,91.88,11,63.0,161.0
2023-03-06,Sikkim,East Sikkim,27.33,88.61,40,80.0,137.0
2023-03-06,Meghalaya,East Khasi Hills,25.57,91.88,27,73.0,168.0
2023-03-07,Sikkim,East Sikkim,27.33,88.61,35,112.0,157.0
2023-03-07,Meghalaya,East Khasi Hills,25.57,91.88,31,69.0,180.0
2023-03-08,Sikkim,East Sikkim,27.33,88.61,3,78.0,151.0
2023-03-08,Meghalaya,East Khasi Hills,25.57,91.88,22,80.0,169.0
2023-03-09,Sikkim,East Sikkim,27.33,88.61,24,62.0,161.0
2023-03-09,Meghalaya,East Khasi Hills,25.57,91.88,33,86.0,176.0
2023-03-10,Sikkim,East Sikkim,27.33,88.61,20,47.0,162.0
2023-03-10,Meghalaya,East Khasi Hills,25.57,91.88,26,81.0,185.0
2023-03-11,Sikkim,East Sikkim,27.33,88.61,26,70.0,185.0
2023-03-11,Meghalaya,East Khasi Hills,25.57,91.88,9,68.0,159.0
2023-03-12,Sikkim,East Sikkim,27.33,88.61,19,65.0,167.0
2023-03-12,Meghalaya,East Khasi Hills,25.57,91.88,24,59.0,172.0
2023-03-13,Sikkim,East Sikkim,27.33,88.61,11,56.0,138.0
2023-03-13,Meghalaya,East Khasi Hills,25.57,91.88,34,67.0,179.0
2023-03-14,Sikkim,East Sikkim,27.33,88.61,30,60.0,133.0
2023-03-14,Meghalaya,East Khasi Hills,25.57,91.88,15,73.0,163.0
2023-03-15,Sikkim,East Sikkim,27.33,88.61,14,55.0,144.0
2023-03-15,Meghalaya,East Khasi Hills,25.57,91.88,19,68.0,160.0
2023-03-16,Sikkim,East Sikkim,27.33,88.61,9,53.0,129.0
2023-03-16,Meghalaya,East Khasi Hills,25.57,91.88,29,63.0,156.0
2023-03-17,Sikkim,East Sikkim,27.33,88.61,3,26.0,112.0
2023-03-17,Meghalaya,East Khasi Hills,25.57,91.88,35,83.0,165.0
2023-03-18,Sikkim,East Sikkim,27.33,88.61,26,38.0,112.0
2023-03-18,Meghalaya,East Khasi Hills,25.57,91.88,26,90.0,182.0
2023-03-19,Sikkim,East Sikkim,27.33,88.61,35,64.0,128.0
2023-03-19,Meghalaya,East Khasi Hills,25.57,91.88,33,94.0,191.0
2023-03-20,Sikkim,East Sikkim,27.33,88.61,8,69.0,125.0
2023-03-20,Meghalaya,East Khasi Hills,25.57,91.88,24,83.0,181.0
2023-03-21,Sikkim,East Sikkim,27.33,88.61,15,58.0,110.0
2023-03-21,Meghalaya,East Khasi Hills,25.57,91.88,16,73.0,182.0
2023-03-22,Sikkim,East Sikkim,27.33,88.61,13,36.0,109.0
2023-03-22,Meghalaya,East Khasi Hills,25.57,91.88,21,61.0,184.0
2023-03-23,Sikkim,East Sikkim,27.33,88.61,5,33.0,105.0
2023-03-23,Meghalaya,East Khasi Hills,25.57,91.88,28,65.0,183.0
2023-03-24,Sikkim,East Sikkim,27.33,88.61,23,41.0,125.0
2023-03-24,Meghalaya,East Khasi Hills,25.57,91.88,5,54.0,153.0
2023-03-25,Sikkim,East Sikkim,27.33,88.61,34,62.0,133.0
2023-03-25,Meghalaya,East Khasi Hills,25.57,91.88,12,45.0,139.0
2023-03-26,Sikkim,East Sikkim,27.33,88.61,3,60.0,101.0
2023-03-26,Meghalaya,East Khasi Hills,25.57,91.88,17,34.0,123.0
2023-03-27,Sikkim,East Sikkim,27.33,88.61,24,61.0,117.0
2023-03-27,Meghalaya,East Khasi Hills,25.57,91.88,38,67.0,137.0
2023-03-28,Sikkim,East Sikkim,27.33,88.61,38,65.0,140.0
2023-03-28,Meghalaya,East Khasi Hills,25.57,91.88,2,57.0,123.0
2023-03-29,Sikkim,East Sikkim,27.33,88.61,4,66.0,131.0
2023-03-29,Meghalaya,East Khasi Hills,25.57,91.88,12,52.0,114.0
2023-03-30,Sikkim,East Sikkim,27.33,88.61,37,79.0,163.0
2023-03-30,Meghalaya,East Khasi Hills,25.57,91.88,35,49.0,121.0
2023-03-31,Sikkim,East Sikkim,27.33,88.61,13,54.0,153.0
2023-03-31,Meghalaya,East Khasi Hills,25.57,91.88,30,77.0,146.0
2023-04-01,Sikkim,East Sikkim,27.33,88.61,13,63.0,132.0
2023-04-01,Meghalaya,East Khasi Hills,25.57,91.88,21,86.0,155.0
2023-04-02,Sikkim,East Sikkim,27.33,88.61,19,45.0,148.0
2023-04-02,Meghalaya,East Khasi Hills,25.57,91.88,0,51.0,138.0
2023-04-03,Sikkim,East Sikkim,27.33,88.61,13,45.0,137.0
2023-04-03,Meghalaya,East Khasi Hills,25.57,91.88,12,33.0,112.0
2023-04-04,Sikkim,East Sikkim,27.33,88.61,7,39.0,106.0
2023-04-04,Meghalaya,East Khasi Hills,25.57,91.88,30,42.0,140.0
2023-04-05,Sikkim,East Sikkim,27.33,88.61,15,35.0,117.0
2023-04-05,Meghalaya,East Khasi Hills,25.57,91.88,38,80.0,166.0
2023-04-06,Sikkim,East Sikkim,27.33,88.61,13,35.0,93.0
2023-04-06,Meghalaya,East Khasi Hills,25.57,91.88,25,93.0,156.0
2023-04-07,Sikkim,East Sikkim,27.33,88.61,15,43.0,95.0
2023-04-07,Meghalaya,East Khasi Hills,25.57,91.88,35,98.0,161.0
2023-04-08,Sikkim,East Sikkim,27.33,88.61,20,48.0,102.0
2023-04-08,Meghalaya,East Khasi Hills,25.57,91.88,18,78.0,158.0
2023-04-09,Sikkim,East Sikkim,27.33,88.61,24,59.0,107.0
2023-04-09,Meghalaya,East Khasi Hills,25.57,91.88,29,82.0,187.0
2023-04-10,Sikkim,East Sikkim,27.33,88.61,34,78.0,128.0
2023-04-10,Meghalaya,East Khasi Hills,25.57,91.88,22,69.0,197.0
2023-04-11,Sikkim,East Sikkim,27.33,88.61,19,77.0,140.0
2023-04-11,Meghalaya,East Khasi Hills,25.57,91.88,16,67.0,183.0
2023-04-12,Sikkim,East Sikkim,27.33,88.61,23,76.0,148.0
2023-04-12,Meghalaya,East Khasi Hills,25.57,91.88,32,70.0,177.0
2023-04-13,Sikkim,East Sikkim,27.33,88.61,31,73.0,166.0
2023-04-13,Meghalaya,East Khasi Hills,25.57,91.88,29,77.0,181.0
2023-04-14,Sikkim,East Sikkim,27.33,88.61,6,60.0,157.0
2023-04-14,Meghalaya,East Khasi Hills,25.57,91.88,30,91.0,176.0
2023-04-15,Sikkim,East Sikkim,27.33,88.61,20,57.0,157.0
2023-04-15,Meghalaya,East Khasi Hills,25.57,91.88,13,72.0,171.0
2023-04-16,Sikkim,East Sikkim,27.33,88.61,23,49.0,156.0
2023-04-16,Meghalaya,East Khasi Hills,25.57,91.88,20,63.0,162.0
2023-04-17,Sikkim,East Sikkim,27.33,88.61,26,69.0,148.0
2023-04-17,Meghalaya,East Khasi Hills,25.57,91.88,2,35.0,142.0
2023-04-18,Sikkim,East Sikkim,27.33,88.61,36,85.0,165.0
2023-04-18,Meghalaya,East Khasi Hills,25.57,91.88,14,36.0,140.0
2023-04-19,Sikkim,East Sikkim,27.33,88.61,9,71.0,151.0
2023-04-19,Meghalaya,East Khasi Hills,25.57,91.88,1,17.0,109.0
2023-04-20,Sikkim,East Sikkim,27.33,88.61,16,61.0,136.0
2023-04-20,Meghalaya,East Khasi Hills,25.57,91.88,35,50.0,115.0
2023-04-21,Sikkim,East Sikkim,27.33,88.61,37,62.0,167.0
2023-04-21,Meghalaya,East Khasi Hills,25.57,91.88,37,73.0,122.0
2023-04-22,Sikkim,East Sikkim,27.33,88.61,26,79.0,173.0
2023-04-22,Meghalaya,East Khasi Hills,25.57,91.88,18,90.0,127.0
2023-04-23,Sikkim,East Sikkim,27.33,88.61,9,72.0,159.0
2023-04-23,Meghalaya,East Khasi Hills,25.57,91.88,12,67.0,119.0
2023-04-24,Sikkim,East Sikkim,27.33,88.61,21,56.0,154.0
2023-04-24,Meghalaya,East Khasi Hills,25.57,91.88,14,44.0,131.0
2023-04-25,Sikkim,East Sikkim,27.33,88.61,24,54.0,142.0
2023-04-25,Meghalaya,East Khasi Hills,25.57,91.88,36,62.0,153.0
2023-04-26,Sikkim,East Sikkim,27.33,88.61,15,60.0,148.0
2023-04-26,Meghalaya,East Khasi Hills,25.57,91.88,31,81.0,183.0
2023-04-27,Sikkim,East Sikkim,27.33,88.61,35,74.0,167.0
2023-04-27,Meghalaya,East Khasi Hills,25.57,91.88,21,88.0,169.0
2023-04-28,Sikkim,East Sikkim,27.33,88.61,16,66.0,146.0
2023-04-28,Meghalaya,East Khasi Hills,25.57,91.88,31,83.0,163.0
2023-04-29,Sikkim,East Sikkim,27.33,88.61,31,82.0,151.0
2023-04-29,Meghalaya,East Khasi Hills,25.57,91.88,29,81.0,174.0
2023-04-30,Sikkim,East Sikkim,27.33,88.61,10,57.0,152.0
2023-04-30,Meghalaya,East Khasi Hills,25.57,91.88,22,82.0,184.0
2023-05-01,Sikkim,East Sikkim,27.33,88.61,10,51.0,141.0
2023-05-01,Meghalaya,East Khasi Hills,25.57,91.88,8,59.0,178.0
2023-05-02,Sikkim,East Sikkim,27.33,88.61,34,54.0,151.0
2023-05-02,Meghalaya,East Khasi Hills,25.57,91.88,31,61.0,173.0
2023-05-03,Sikkim,East Sikkim,27.33,88.61,11,55.0,147.0
2023-05-03,Meghalaya,East Khasi Hills,25.57,91.88,34,73.0,176.0
2023-05-04,Sikkim,East Sikkim,27.33,88.61,3,48.0,115.0
2023-05-04,Meghalaya,East Khasi Hills,25.57,91.88,33,98.0,188.0
2023-05-05,Sikkim,East Sikkim,27.33,88.61,2,16.0,101.0
2023-05-05,Meghalaya,East Khasi Hills,25.57,91.88,4,71.0,161.0
2023-05-06,Sikkim,East Sikkim,27.33,88.61,3,8.0,73.0
2023-05-06,Meghalaya,East Khasi Hills,25.57,91.88,0,37.0,132.0
2023-05-07,Sikkim,East Sikkim,27.33,88.61,26,31.0,89.0
2023-05-07,Meghalaya,East Khasi Hills,25.57,91.88,8,12.0,118.0
2023-05-08,Sikkim,East Sikkim,27.33,88.61,40,69.0,119.0
2023-05-08,Meghalaya,East Khasi Hills,25.57,91.88,14,22.0,124.0
2023-05-09,Sikkim,East Sikkim,27.33,88.61,4,70.0,89.0
2023-05-09,Meghalaya,East Khasi Hills,25.57,91.88,9,31.0,102.0
2023-05-10,Sikkim,East Sikkim,27.33,88.61,0,44.0,78.0
2023-05-10,Meghalaya,East Khasi Hills,25.57,91.88,13,36.0,81.0
2023-05-11,Sikkim,East Sikkim,27.33,88.61,32,36.0,107.0
2023-05-11,Meghalaya,East Khasi Hills,25.57,91.88,29,51.0,77.0
2023-05-12,Sikkim,East Sikkim,27.33,88.61,23,55.0,128.0
2023-05-12,Meghalaya,East Khasi Hills,25.57,91.88,3,45.0,76.0
2023-05-13,Sikkim,East Sikkim,27.33,88.61,39,94.0,164.0
2023-05-13,Meghalaya,East Khasi Hills,25.57,91.88,40,72.0,116.0
2023-05-14,Sikkim,East Sikkim,27.33,88.61,39,101.0,177.0
2023-05-14,Meghalaya,East Khasi Hills,25.57,91.88,30,73.0,138.0
2023-05-15,Sikkim,East Sikkim,27.33,88.61,31,109.0,168.0
2023-05-15,Meghalaya,East Khasi Hills,25.57,91.88,1,71.0,125.0
2023-05-16,Sikkim,East Sikkim,27.33,88.61,0,70.0,164.0
2023-05-16,Meghalaya,East Khasi Hills,25.57,91.88,34,65.0,150.0
2023-05-17,Sikkim,East Sikkim,27.33,88.61,35,66.0,199.0
2023-05-17,Meghalaya,East Khasi Hills,25.57,91.88,26,61.0,163.0
2023-05-18,Sikkim,East Sikkim,27.33,88.61,0,35.0,167.0
2023-05-18,Meghalaya,East Khasi Hills,25.57,91.88,1,61.0,135.0
2023-05-19,Sikkim,East Sikkim,27.33,88.61,33,68.0,177.0
2023-05-19,Meghalaya,East Khasi Hills,25.57,91.88,17,44.0,149.0
2023-05-20,Sikkim,East Sikkim,27.33,88.61,34,67.0,172.0
2023-05-20,Meghalaya,East Khasi Hills,25.57,91.88,18,36.0,127.0
2023-05-21,Sikkim,East Sikkim,27.33,88.61,1,68.0,134.0
2023-05-21,Meghalaya,East Khasi Hills,25.57,91.88,32,67.0,129.0
2023-05-22,Sikkim,East Sikkim,27.33,88.61,27,62.0,130.0
2023-05-22,Meghalaya,East Khasi Hills,25.57,91.88,11,61.0,139.0
2023-05-23,Sikkim,East Sikkim,27.33,88.61,6,34.0,136.0
2023-05-23,Meghalaya,East Khasi Hills,25.57,91.88,6,49.0,111.0
2023-05-24,Sikkim,East Sikkim,27.33,88.61,33,66.0,134.0
2023-05-24,Meghalaya,East Khasi Hills,25.57,91.88,9,26.0,94.0
2023-05-25,Sikkim,East Sikkim,27.33,88.61,15,54.0,149.0
2023-05-25,Meghalaya,East Khasi Hills,25.57,91.88,12,27.0,105.0
2023-05-26,Sikkim,East Sikkim,27.33,88.61,39,87.0,155.0
2023-05-26,Meghalaya,East Khasi Hills,25.57,91.88,33,54.0,121.0
2023-05-27,Sikkim,East Sikkim,27.33,88.61,16,70.0,137.0
2023-05-27,Meghalaya,East Khasi Hills,25.57,91.88,22,67.0,125.0
2023-05-28,Sikkim,East Sikkim,27.33,88.61,17,72.0,153.0
2023-05-28,Meghalaya,East Khasi Hills,25.57,91.88,25,80.0,118.0
2023-05-29,Sikkim,East Sikkim,27.33,88.61,5,38.0,131.0
2023-05-29,Meghalaya,East Khasi Hills,25.57,91.88,23,70.0,130.0
2023-05-30,Sikkim,East Sikkim,27.33,88.61,25,47.0,150.0
2023-05-30,Meghalaya,East Khasi Hills,25.57,91.88,29,77.0,153.0
2023-05-31,Sikkim,East Sikkim,27.33,88.61,36,66.0,153.0
2023-05-31,Meghalaya,East Khasi Hills,25.57,91.88,15,67.0,159.0
2023-06-01,Sikkim,East Sikkim,27.33,88.61,108,169.0,246.0
2023-06-01,Meghalaya,East Khasi Hills,25.57,91.88,5,49.0,152.0
2023-06-02,Sikkim,East Sikkim,27.33,88.61,189,333.0,396.0
2023-06-02,Meghalaya,East Khasi Hills,25.57,91.88,84,104.0,203.0
2023-06-03,Sikkim,East Sikkim,27.33,88.61,24,321.0,404.0
2023-06-03,Meghalaya,East Khasi Hills,25.57,91.88,140,229.0,321.0
2023-06-04,Sikkim,East Sikkim,27.33,88.61,0,213.0,387.0
2023-06-04,Meghalaya,East Khasi Hills,25.57,91.88,90,314.0,386.0
2023-06-05,Sikkim,East Sikkim,27.33,88.61,135,159.0,517.0
2023-06-05,Meghalaya,East Khasi Hills,25.57,91.88,122,352.0,485.0
2023-06-06,Sikkim,East Sikkim,27.33,88.61,189,324.0,681.0
2023-06-06,Meghalaya,East Khasi Hills,25.57,91.88,194,406.0,650.0
2023-06-07,Sikkim,East Sikkim,27.33,88.61,85,409.0,730.0
2023-06-07,Meghalaya,East Khasi Hills,25.57,91.88,36,352.0,671.0
2023-06-08,Sikkim,East Sikkim,27.33,88.61,85,359.0,707.0
2023-06-08,Meghalaya,East Khasi Hills,25.57,91.88,167,397.0,833.0
2023-06-09,Sikkim,East Sikkim,27.33,88.61,195,365.0,713.0
2023-06-09,Meghalaya,East Khasi Hills,25.57,91.88,164,367.0,913.0
2023-06-10,Sikkim,East Sikkim,27.33,88.61,20,300.0,709.0
2023-06-10,Meghalaya,East Khasi Hills,25.57,91.88,13,344.0,786.0
2023-06-11,Sikkim,East Sikkim,27.33,88.61,176,391.0,885.0
2023-06-11,Meghalaya,East Khasi Hills,25.57,91.88,185,362.0,881.0
2023-06-12,Sikkim,East Sikkim,27.33,88.61,89,285.0,839.0
2023-06-12,Meghalaya,East Khasi Hills,25.57,91.88,36,234.0,795.0
2023-06-13,Sikkim,East Sikkim,27.33,88.61,24,289.0,674.0
2023-06-13,Meghalaya,East Khasi Hills,25.57,91.88,149,370.0,750.0
2023-06-14,Sikkim,East Sikkim,27.33,88.61,176,289.0,765.0
2023-06-14,Meghalaya,East Khasi Hills,25.57,91.88,181,366.0,895.0
2023-06-15,Sikkim,East Sikkim,27.33,88.61,172,372.0,852.0
2023-06-15,Meghalaya,East Khasi Hills,25.57,91.88,22,352.0,750.0
2023-06-16,Sikkim,East Sikkim,27.33,88.61,27,375.0,684.0
2023-06-16,Meghalaya,East Khasi Hills,25.57,91.88,4,207.0,590.0
2023-06-17,Sikkim,East Sikkim,27.33,88.61,178,377.0,842.0
2023-06-17,Meghalaya,East Khasi Hills,25.57,91.88,156,182.0,733.0
2023-06-18,Sikkim,East Sikkim,27.33,88.61,179,384.0,845.0
2023-06-18,Meghalaya,East Khasi Hills,25.57,91.88,161,321.0,709.0
2023-06-19,Sikkim,East Sikkim,27.33,88.61,28,385.0,784.0
2023-06-19,Meghalaya,East Khasi Hills,25.57,91.88,125,442.0,798.0
2023-06-20,Sikkim,East Sikkim,27.33,88.61,128,335.0,888.0
2023-06-20,Meghalaya,East Khasi Hills,25.57,91.88,167,453.0,816.0
2023-06-21,Sikkim,East Sikkim,27.33,88.61,128,284.0,840.0
2023-06-21,Meghalaya,East Khasi Hills,25.57,91.88,39,331.0,674.0
2023-06-22,Sikkim,East Sikkim,27.33,88.61,15,271.0,683.0
2023-06-22,Meghalaya,East Khasi Hills,25.57,91.88,90,296.0,742.0
2023-06-23,Sikkim,East Sikkim,27.33,88.61,24,167.0,680.0
2023-06-23,Meghalaya,East Khasi Hills,25.57,91.88,161,290.0,899.0
2023-06-24,Sikkim,East Sikkim,27.33,88.61,24,63.0,526.0
2023-06-24,Meghalaya,East Khasi Hills,25.57,91.88,93,344.0,836.0
2023-06-25,Sikkim,East Sikkim,27.33,88.61,19,67.0,366.0
2023-06-25,Meghalaya,East Khasi Hills,25.57,91.88,177,431.0,852.0
2023-06-26,Sikkim,East Sikkim,27.33,88.61,8,51.0,346.0
2023-06-26,Meghalaya,East Khasi Hills,25.57,91.88,27,297.0,754.0
2023-06-27,Sikkim,East Sikkim,27.33,88.61,151,178.0,369.0
2023-06-27,Meghalaya,East Khasi Hills,25.57,91.88,93,297.0,680.0
2023-06-28,Sikkim,East Sikkim,27.33,88.61,22,181.0,263.0
2023-06-28,Meghalaya,East Khasi Hills,25.57,91.88,156,276.0,797.0
2023-06-29,Sikkim,East Sikkim,27.33,88.61,121,294.0,369.0
2023-06-29,Meghalaya,East Khasi Hills,25.57,91.88,81,330.0,788.0
2023-06-30,Sikkim,East Sikkim,27.33,88.61,24,167.0,369.0
2023-06-30,Meghalaya,East Khasi Hills,25.57,91.88,172,409.0,799.0
2023-07-01,Sikkim,East Sikkim,27.33,88.61,195,340.0,540.0
2023-07-01,Meghalaya,East Khasi Hills,25.57,91.88,111,364.0,817.0
2023-07-02,Sikkim,East Sikkim,27.33,88.61,101,320.0,622.0
2023-07-02,Meghalaya,East Khasi Hills,25.57,91.88,101,384.0,741.0
2023-07-03,Sikkim,East Sikkim,27.33,88.61,19,315.0,633.0
2023-07-03,Meghalaya,East Khasi Hills,25.57,91.88,9,221.0,723.0
2023-07-04,Sikkim,East Sikkim,27.33,88.61,27,147.0,509.0
2023-07-04,Meghalaya,East Khasi Hills,25.57,91.88,19,129.0,649.0
2023-07-05,Sikkim,East Sikkim,27.33,88.61,89,135.0,576.0
2023-07-05,Meghalaya,East Khasi Hills,25.57,91.88,200,228.0,693.0
2023-07-06,Sikkim,East Sikkim,27.33,88.61,40,156.0,495.0
2023-07-06,Meghalaya,East Khasi Hills,25.57,91.88,158,377.0,770.0
2023-07-07,Sikkim,East Sikkim,27.33,88.61,6,135.0,477.0
2023-07-07,Meghalaya,East Khasi Hills,25.57,91.88,0,358.0,598.0
2023-07-08,Sikkim,East Sikkim,27.33,88.61,122,168.0,404.0
2023-07-08,Meghalaya,East Khasi Hills,25.57,91.88,128,286.0,615.0
2023-07-09,Sikkim,East Sikkim,27.33,88.61,122,250.0,425.0
2023-07-09,Meghalaya,East Khasi Hills,25.57,91.88,135,263.0,649.0
2023-07-10,Sikkim,East Sikkim,27.33,88.61,190,434.0,596.0
2023-07-10,Meghalaya,East Khasi Hills,25.57,91.88,156,419.0,796.0
2023-07-11,Sikkim,East Sikkim,27.33,88.61,20,332.0,589.0
2023-07-11,Meghalaya,East Khasi Hills,25.57,91.88,168,459.0,945.0
2023-07-12,Sikkim,East Sikkim,27.33,88.61,20,230.0,520.0
2023-07-12,Meghalaya,East Khasi Hills,25.57,91.88,25,349.0,770.0
2023-07-13,Sikkim,East Sikkim,27.33,88.61,117,157.0,597.0
2023-07-13,Meghalaya,East Khasi Hills,25.57,91.88,161,354.0,773.0
2023-07-14,Sikkim,East Sikkim,27.33,88.61,153,290.0,744.0
2023-07-14,Meghalaya,East Khasi Hills,25.57,91.88,121,307.0,894.0
2023-07-15,Sikkim,East Sikkim,27.33,88.61,184,454.0,806.0
2023-07-15,Meghalaya,East Khasi Hills,25.57,91.88,126,408.0,892.0
2023-07-16,Sikkim,East Sikkim,27.33,88.61,36,373.0,720.0
2023-07-16,Meghalaya,East Khasi Hills,25.57,91.88,34,281.0,791.0
2023-07-17,Sikkim,East Sikkim,27.33,88.61,35,255.0,565.0
2023-07-17,Meghalaya,East Khasi Hills,25.57,91.88,29,189.0,664.0
2023-07-18,Sikkim,East Sikkim,27.33,88.61,106,177.0,651.0
2023-07-18,Meghalaya,East Khasi Hills,25.57,91.88,117,180.0,613.0
2023-07-19,Sikkim,East Sikkim,27.33,88.61,88,229.0,719.0
2023-07-19,Meghalaya,East Khasi Hills,25.57,91.88,181,327.0,769.0
2023-07-20,Sikkim,East Sikkim,27.33,88.61,166,360.0,768.0
2023-07-20,Meghalaya,East Khasi Hills,25.57,91.88,161,459.0,769.0
2023-07-21,Sikkim,East Sikkim,27.33,88.61,112,366.0,727.0
2023-07-21,Meghalaya,East Khasi Hills,25.57,91.88,171,513.0,819.0
2023-07-22,Sikkim,East Sikkim,27.33,88.61,128,406.0,671.0
2023-07-22,Meghalaya,East Khasi Hills,25.57,91.88,38,370.0,731.0
2023-07-23,Sikkim,East Sikkim,27.33,88.61,131,371.0,766.0
2023-07-23,Meghalaya,East Khasi Hills,25.57,91.88,198,407.0,895.0
2023-07-24,Sikkim,East Sikkim,27.33,88.61,168,427.0,899.0
2023-07-24,Meghalaya,East Khasi Hills,25.57,91.88,84,320.0,950.0
2023-07-25,Sikkim,East Sikkim,27.33,88.61,126,425.0,919.0
2023-07-25,Meghalaya,East Khasi Hills,25.57,91.88,183,465.0,1016.0
2023-07-26,Sikkim,East Sikkim,27.33,88.61,161,455.0,992.0
2023-07-26,Meghalaya,East Khasi Hills,25.57,91.88,93,360.0,928.0
2023-07-27,Sikkim,East Sikkim,27.33,88.61,164,451.0,990.0
2023-07-27,Meghalaya,East Khasi Hills,25.57,91.88,101,377.0,868.0
2023-07-28,Sikkim,East Sikkim,27.33,88.61,85,410.0,963.0
2023-07-28,Meghalaya,East Khasi Hills,25.57,91.88,162,356.0,859.0
2023-07-29,Sikkim,East Sikkim,27.33,88.61,131,380.0,966.0
2023-07-29,Meghalaya,East Khasi Hills,25.57,91.88,122,385.0,943.0
2023-07-30,Sikkim,East Sikkim,27.33,88.61,135,351.0,970.0
2023-07-30,Meghalaya,East Khasi Hills,25.57,91.88,6,290.0,751.0
2023-07-31,Sikkim,East Sikkim,27.33,88.61,32,298.0,834.0
2023-07-31,Meghalaya,East Khasi Hills,25.57,91.88,151,279.0,818.0
2023-08-01,Sikkim,East Sikkim,27.33,88.61,153,320.0,861.0
2023-08-01,Meghalaya,East Khasi Hills,25.57,91.88,23,180.0,658.0
2023-08-02,Sikkim,East Sikkim,27.33,88.61,178,363.0,878.0
2023-08-02,Meghalaya,East Khasi Hills,25.57,91.88,168,342.0,733.0
2023-08-03,Sikkim,East Sikkim,27.33,88.61,124,455.0,838.0
2023-08-03,Meghalaya,East Khasi Hills,25.57,91.88,141,332.0,773.0
2023-08-04,Sikkim,East Sikkim,27.33,88.61,26,328.0,779.0
2023-08-04,Meghalaya,East Khasi Hills,25.57,91.88,90,399.0,701.0
2023-08-05,Sikkim,East Sikkim,27.33,88.61,9,159.0,657.0
2023-08-05,Meghalaya,East Khasi Hills,25.57,91.88,123,354.0,702.0
2023-08-06,Sikkim,East Sikkim,27.33,88.61,106,141.0,628.0
2023-08-06,Meghalaya,East Khasi Hills,25.57,91.88,124,337.0,820.0
2023-08-07,Sikkim,East Sikkim,27.33,88.61,136,251.0,732.0
2023-08-07,Meghalaya,East Khasi Hills,25.57,91.88,137,384.0,806.0
2023-08-08,Sikkim,East Sikkim,27.33,88.61,118,360.0,697.0
2023-08-08,Meghalaya,East Khasi Hills,25.57,91.88,7,268.0,790.0
2023-08-09,Sikkim,East Sikkim,27.33,88.61,21,275.0,540.0
2023-08-09,Meghalaya,East Khasi Hills,25.57,91.88,166,310.0,788.0
2023-08-10,Sikkim,East Sikkim,27.33,88.61,199,338.0,615.0
2023-08-10,Meghalaya,East Khasi Hills,25.57,91.88,111,284.0,758.0
2023-08-11,Sikkim,East Sikkim,27.33,88.61,150,370.0,739.0
2023-08-11,Meghalaya,East Khasi Hills,25.57,91.88,35,312.0,703.0
2023-08-12,Sikkim,East Sikkim,27.33,88.61,139,488.0,869.0
2023-08-12,Meghalaya,East Khasi Hills,25.57,91.88,25,171.0,605.0
2023-08-13,Sikkim,East Sikkim,27.33,88.61,103,392.0,866.0
2023-08-13,Meghalaya,East Khasi Hills,25.57,91.88,135,195.0,616.0
2023-08-14,Sikkim,East Sikkim,27.33,88.61,174,416.0,904.0
2023-08-14,Meghalaya,East Khasi Hills,25.57,91.88,105,265.0,584.0
2023-08-15,Sikkim,East Sikkim,27.33,88.61,134,411.0,920.0
2023-08-15,Meghalaya,East Khasi Hills,25.57,91.88,170,410.0,747.0
2023-08-16,Sikkim,East Sikkim,27.33,88.61,17,325.0,916.0
2023-08-16,Meghalaya,East Khasi Hills,25.57,91.88,183,458.0,764.0
2023-08-17,Sikkim,East Sikkim,27.33,88.61,153,304.0,870.0
2023-08-17,Meghalaya,East Khasi Hills,25.57,91.88,34,387.0,687.0
2023-08-18,Sikkim,East Sikkim,27.33,88.61,20,190.0,740.0
2023-08-18,Meghalaya,East Khasi Hills,25.57,91.88,7,224.0,659.0
2023-08-19,Sikkim,East Sikkim,27.33,88.61,31,204.0,632.0
2023-08-19,Meghalaya,East Khasi Hills,25.57,91.88,161,202.0,795.0
2023-08-20,Sikkim,East Sikkim,27.33,88.61,129,180.0,658.0
2023-08-20,Meghalaya,East Khasi Hills,25.57,91.88,155,323.0,815.0
2023-08-21,Sikkim,East Sikkim,27.33,88.61,22,182.0,506.0
2023-08-21,Meghalaya,East Khasi Hills,25.57,91.88,159,475.0,869.0
2023-08-22,Sikkim,East Sikkim,27.33,88.61,19,170.0,391.0
2023-08-22,Meghalaya,East Khasi Hills,25.57,91.88,155,469.0,854.0
2023-08-23,Sikkim,East Sikkim,27.33,88.61,8,49.0,382.0
2023-08-23,Meghalaya,East Khasi Hills,25.57,91.88,110,424.0,781.0
2023-08-24,Sikkim,East Sikkim,27.33,88.61,103,130.0,332.0
2023-08-24,Meghalaya,East Khasi Hills,25.57,91.88,98,363.0,845.0
2023-08-25,Sikkim,East Sikkim,27.33,88.61,133,244.0,445.0
2023-08-25,Meghalaya,East Khasi Hills,25.57,91.88,153,361.0,991.0
2023-08-26,Sikkim,East Sikkim,27.33,88.61,103,339.0,517.0
2023-08-26,Meghalaya,East Khasi Hills,25.57,91.88,148,399.0,978.0
2023-08-27,Sikkim,East Sikkim,27.33,88.61,162,398.0,550.0
2023-08-27,Meghalaya,East Khasi Hills,25.57,91.88,102,403.0,925.0
2023-08-28,Sikkim,East Sikkim,27.33,88.61,142,407.0,670.0
2023-08-28,Meghalaya,East Khasi Hills,25.57,91.88,11,261.0,777.0
2023-08-29,Sikkim,East Sikkim,27.33,88.61,137,441.0,788.0
2023-08-29,Meghalaya,East Khasi Hills,25.57,91.88,190,303.0,812.0
2023-08-30,Sikkim,East Sikkim,27.33,88.61,81,360.0,861.0
2023-08-30,Meghalaya,East Khasi Hills,25.57,91.88,104,305.0,806.0
2023-08-31,Sikkim,East Sikkim,27.33,88.61,151,369.0,909.0
2023-08-31,Meghalaya,East Khasi Hills,25.57,91.88,143,437.0,851.0
2023-09-01,Sikkim,East Sikkim,27.33,88.61,142,374.0,918.0
2023-09-01,Meghalaya,East Khasi Hills,25.57,91.88,187,434.0,885.0
2023-09-02,Sikkim,East Sikkim,27.33,88.61,101,394.0,916.0
2023-09-02,Meghalaya,East Khasi Hills,25.57,91.88,1,331.0,738.0
2023-09-03,Sikkim,East Sikkim,27.33,88.61,108,351.0,862.0
2023-09-03,Meghalaya,East Khasi Hills,25.57,91.88,17,205.0,653.0
2023-09-04,Sikkim,East Sikkim,27.33,88.61,18,227.0,738.0
2023-09-04,Meghalaya,East Khasi Hills,25.57,91.88,29,47.0,671.0
2023-09-05,Sikkim,East Sikkim,27.33,88.61,178,304.0,779.0
2023-09-05,Meghalaya,East Khasi Hills,25.57,91.88,150,196.0,631.0
2023-09-06,Sikkim,East Sikkim,27.33,88.61,153,349.0,851.0
2023-09-06,Meghalaya,East Khasi Hills,25.57,91.88,34,213.0,561.0
2023-09-07,Sikkim,East Sikkim,27.33,88.61,126,457.0,826.0
2023-09-07,Meghalaya,East Khasi Hills,25.57,91.88,176,360.0,594.0
2023-09-08,Sikkim,East Sikkim,27.33,88.61,28,307.0,712.0
2023-09-08,Meghalaya,East Khasi Hills,25.57,91.88,134,344.0,541.0
2023-09-09,Sikkim,East Sikkim,27.33,88.61,15,169.0,626.0
2023-09-09,Meghalaya,East Khasi Hills,25.57,91.88,2,312.0,542.0
2023-09-10,Sikkim,East Sikkim,27.33,88.61,124,167.0,642.0
2023-09-10,Meghalaya,East Khasi Hills,25.57,91.88,91,227.0,616.0
2023-09-11,Sikkim,East Sikkim,27.33,88.61,95,234.0,719.0
2023-09-11,Meghalaya,East Khasi Hills,25.57,91.88,110,203.0,697.0
2023-09-12,Sikkim,East Sikkim,27.33,88.61,37,256.0,578.0
2023-09-12,Meghalaya,East Khasi Hills,25.57,91.88,190,391.0,737.0
2023-09-13,Sikkim,East Sikkim,27.33,88.61,160,292.0,585.0
2023-09-13,Meghalaya,East Khasi Hills,25.57,91.88,158,458.0,861.0
2023-09-14,Sikkim,East Sikkim,27.33,88.61,13,210.0,472.0
2023-09-14,Meghalaya,East Khasi Hills,25.57,91.88,183,531.0,868.0
2023-09-15,Sikkim,East Sikkim,27.33,88.61,22,195.0,466.0
2023-09-15,Meghalaya,East Khasi Hills,25.57,91.88,156,497.0,890.0
2023-09-16,Sikkim,East Sikkim,27.33,88.61,121,156.0,572.0
2023-09-16,Meghalaya,East Khasi Hills,25.57,91.88,117,456.0,1005.0
2023-09-17,Sikkim,East Sikkim,27.33,88.61,17,160.0,465.0
2023-09-17,Meghalaya,East Khasi Hills,25.57,91.88,145,418.0,1059.0
2023-09-18,Sikkim,East Sikkim,27.33,88.61,166,304.0,536.0
2023-09-18,Meghalaya,East Khasi Hills,25.57,91.88,97,359.0,1046.0
2023-09-19,Sikkim,East Sikkim,27.33,88.61,180,363.0,679.0
2023-09-19,Meghalaya,East Khasi Hills,25.57,91.88,87,329.0,943.0
2023-09-20,Sikkim,East Sikkim,27.33,88.61,190,536.0,709.0
2023-09-20,Meghalaya,East Khasi Hills,25.57,91.88,169,353.0,954.0
2023-09-21,Sikkim,East Sikkim,27.33,88.61,111,481.0,807.0
2023-09-21,Meghalaya,East Khasi Hills,25.57,91.88,20,276.0,791.0
2023-09-22,Sikkim,East Sikkim,27.33,88.61,177,478.0,962.0
2023-09-22,Meghalaya,East Khasi Hills,25.57,91.88,130,319.0,765.0
2023-09-23,Sikkim,East Sikkim,27.33,88.61,153,441.0,994.0
2023-09-23,Meghalaya,East Khasi Hills,25.57,91.88,160,310.0,808.0
2023-09-24,Sikkim,East Sikkim,27.33,88.61,137,467.0,1114.0
2023-09-24,Meghalaya,East Khasi Hills,25.57,91.88,5,295.0,668.0
2023-09-25,Sikkim,East Sikkim,27.33,88.61,175,465.0,1123.0
2023-09-25,Meghalaya,East Khasi Hills,25.57,91.88,23,188.0,594.0
2023-09-26,Sikkim,East Sikkim,27.33,88.61,142,454.0,1085.0
2023-09-26,Meghalaya,East Khasi Hills,25.57,91.88,80,108.0,587.0
2023-09-27,Sikkim,East Sikkim,27.33,88.61,188,505.0,1083.0
2023-09-27,Meghalaya,East Khasi Hills,25.57,91.88,173,276.0,591.0
2023-09-28,Sikkim,East Sikkim,27.33,88.61,161,491.0,1133.0
2023-09-28,Meghalaya,East Khasi Hills,25.57,91.88,125,378.0,696.0
2023-09-29,Sikkim,East Sikkim,27.33,88.61,181,530.0,1137.0
2023-09-29,Meghalaya,East Khasi Hills,25.57,91.88,107,405.0,673.0
2023-09-30,Sikkim,East Sikkim,27.33,88.61,185,527.0,1169.0
2023-09-30,Meghalaya,East Khasi Hills,25.57,91.88,17,249.0,530.0
2023-10-01,Sikkim,East Sikkim,27.33,88.61,20,386.0,1052.0
2023-10-01,Meghalaya,East Khasi Hills,25.57,91.88,18,142.0,543.0
2023-10-02,Sikkim,East Sikkim,27.33,88.61,21,226.0,898.0
2023-10-02,Meghalaya,East Khasi Hills,25.57,91.88,35,70.0,555.0
2023-10-03,Sikkim,East Sikkim,27.33,88.61,36,77.0,792.0
2023-10-03,Meghalaya,East Khasi Hills,25.57,91.88,8,61.0,483.0
2023-10-04,Sikkim,East Sikkim,27.33,88.61,36,93.0,640.0
2023-10-04,Meghalaya,East Khasi Hills,25.57,91.88,31,74.0,341.0
2023-10-05,Sikkim,East Sikkim,27.33,88.61,21,93.0,500.0
2023-10-05,Meghalaya,East Khasi Hills,25.57,91.88,3,42.0,219.0
2023-10-06,Sikkim,East Sikkim,27.33,88.61,2,59.0,321.0
2023-10-06,Meghalaya,East Khasi Hills,25.57,91.88,6,40.0,118.0
2023-10-07,Sikkim,East Sikkim,27.33,88.61,40,63.0,176.0
2023-10-07,Meghalaya,East Khasi Hills,25.57,91.88,29,38.0,130.0
2023-10-08,Sikkim,East Sikkim,27.33,88.61,1,43.0,157.0
2023-10-08,Meghalaya,East Khasi Hills,25.57,91.88,7,42.0,119.0
2023-10-09,Sikkim,East Sikkim,27.33,88.61,10,51.0,146.0
2023-10-09,Meghalaya,East Khasi Hills,25.57,91.88,28,64.0,112.0
2023-10-10,Sikkim,East Sikkim,27.33,88.61,29,40.0,139.0
2023-10-10,Meghalaya,East Khasi Hills,25.57,91.88,0,35.0,104.0
2023-10-11,Sikkim,East Sikkim,27.33,88.61,27,66.0,130.0
2023-10-11,Meghalaya,East Khasi Hills,25.57,91.88,12,40.0,85.0
2023-10-12,Sikkim,East Sikkim,27.33,88.61,8,64.0,117.0
2023-10-12,Meghalaya,East Khasi Hills,25.57,91.88,19,31.0,101.0
2023-10-13,Sikkim,East Sikkim,27.33,88.61,10,45.0,125.0
2023-10-13,Meghalaya,East Khasi Hills,25.57,91.88,17,48.0,112.0
2023-10-14,Sikkim,East Sikkim,27.33,88.61,5,23.0,90.0
2023-10-14,Meghalaya,East Khasi Hills,25.57,91.88,23,59.0,106.0
2023-10-15,Sikkim,East Sikkim,27.33,88.61,16,31.0,105.0
2023-10-15,Meghalaya,East Khasi Hills,25.57,91.88,5,45.0,104.0
2023-10-16,Sikkim,East Sikkim,27.33,88.61,23,44.0,118.0
2023-10-16,Meghalaya,East Khasi Hills,25.57,91.88,10,38.0,86.0
2023-10-17,Sikkim,East Sikkim,27.33,88.61,3,42.0,92.0
2023-10-17,Meghalaya,East Khasi Hills,25.57,91.88,25,40.0,111.0
2023-10-18,Sikkim,East Sikkim,27.33,88.61,40,66.0,105.0
2023-10-18,Meghalaya,East Khasi Hills,25.57,91.88,19,54.0,118.0
2023-10-19,Sikkim,East Sikkim,27.33,88.61,14,57.0,111.0
2023-10-19,Meghalaya,East Khasi Hills,25.57,91.88,27,71.0,126.0
2023-10-20,Sikkim,East Sikkim,27.33,88.61,5,59.0,106.0
2023-10-20,Meghalaya,East Khasi Hills,25.57,91.88,6,52.0,115.0
2023-10-21,Sikkim,East Sikkim,27.33,88.61,0,19.0,101.0
2023-10-21,Meghalaya,East Khasi Hills,25.57,91.88,13,46.0,105.0
2023-10-22,Sikkim,East Sikkim,27.33,88.61,30,35.0,115.0
2023-10-22,Meghalaya,East Khasi Hills,25.57,91.88,4,23.0,104.0
2023-10-23,Sikkim,East Sikkim,27.33,88.61,8,38.0,100.0
2023-10-23,Meghalaya,East Khasi Hills,25.57,91.88,37,54.0,131.0
2023-10-24,Sikkim,East Sikkim,27.33,88.61,14,52.0,111.0
2023-10-24,Meghalaya,East Khasi Hills,25.57,91.88,33,74.0,139.0
2023-10-25,Sikkim,East Sikkim,27.33,88.61,28,50.0,99.0
2023-10-25,Meghalaya,East Khasi Hills,25.57,91.88,0,70.0,120.0
2023-10-26,Sikkim,East Sikkim,27.33,88.61,0,42.0,85.0
2023-10-26,Meghalaya,East Khasi Hills,25.57,91.88,21,54.0,114.0
2023-10-27,Sikkim,East Sikkim,27.33,88.61,7,35.0,87.0
2023-10-27,Meghalaya,East Khasi Hills,25.57,91.88,27,48.0,135.0
2023-10-28,Sikkim,East Sikkim,27.33,88.61,8,15.0,95.0
2023-10-28,Meghalaya,East Khasi Hills,25.57,91.88,30,78.0,152.0
2023-10-29,Sikkim,East Sikkim,27.33,88.61,4,19.0,69.0
2023-10-29,Meghalaya,East Khasi Hills,25.57,91.88,14,71.0,162.0
2023-10-30,Sikkim,East Sikkim,27.33,88.61,24,36.0,85.0
2023-10-30,Meghalaya,East Khasi Hills,25.57,91.88,5,49.0,130.0
2023-10-31,Sikkim,East Sikkim,27.33,88.61,6,34.0,77.0
2023-10-31,Meghalaya,East Khasi Hills,25.57,91.88,6,25.0,103.0
2023-11-01,Sikkim,East Sikkim,27.33,88.61,20,50.0,69.0
2023-11-01,Meghalaya,East Khasi Hills,25.57,91.88,23,34.0,126.0
2023-11-02,Sikkim,East Sikkim,27.33,88.61,19,45.0,88.0
2023-11-02,Meghalaya,East Khasi Hills,25.57,91.88,8,37.0,113.0
2023-11-03,Sikkim,East Sikkim,27.33,88.61,24,63.0,105.0
2023-11-03,Meghalaya,East Khasi Hills,25.57,91.88,8,39.0,94.0
2023-11-04,Sikkim,East Sikkim,27.33,88.61,9,52.0,106.0
2023-11-04,Meghalaya,East Khasi Hills,25.57,91.88,4,20.0,68.0
2023-11-05,Sikkim,East Sikkim,27.33,88.61,33,66.0,135.0
2023-11-05,Meghalaya,East Khasi Hills,25.57,91.88,36,48.0,90.0
2023-11-06,Sikkim,East Sikkim,27.33,88.61,0,42.0,111.0
2023-11-06,Meghalaya,East Khasi Hills,25.57,91.88,39,79.0,124.0
2023-11-07,Sikkim,East Sikkim,27.33,88.61,10,43.0,115.0
2023-11-07,Meghalaya,East Khasi Hills,25.57,91.88,28,103.0,146.0
2023-11-08,Sikkim,East Sikkim,27.33,88.61,22,32.0,117.0
2023-11-08,Meghalaya,East Khasi Hills,25.57,91.88,13,80.0,136.0
2023-11-09,Sikkim,East Sikkim,27.33,88.61,40,72.0,138.0
2023-11-09,Meghalaya,East Khasi Hills,25.57,91.88,9,50.0,137.0
2023-11-10,Sikkim,East Sikkim,27.33,88.61,26,88.0,140.0
2023-11-10,Meghalaya,East Khasi Hills,25.57,91.88,39,61.0,168.0
2023-11-11,Sikkim,East Sikkim,27.33,88.61,28,94.0,159.0
2023-11-11,Meghalaya,East Khasi Hills,25.57,91.88,13,61.0,177.0
2023-11-12,Sikkim,East Sikkim,27.33,88.61,5,59.0,131.0
2023-11-12,Meghalaya,East Khasi Hills,25.57,91.88,6,58.0,147.0
2023-11-13,Sikkim,East Sikkim,27.33,88.61,8,41.0,139.0
2023-11-13,Meghalaya,East Khasi Hills,25.57,91.88,7,26.0,115.0
2023-11-14,Sikkim,East Sikkim,27.33,88.61,37,50.0,166.0
2023-11-14,Meghalaya,East Khasi Hills,25.57,91.88,24,37.0,111.0
2023-11-15,Sikkim,East Sikkim,27.33,88.61,22,67.0,166.0
2023-11-15,Meghalaya,East Khasi Hills,25.57,91.88,27,58.0,125.0
2023-11-16,Sikkim,East Sikkim,27.33,88.61,20,79.0,146.0
2023-11-16,Meghalaya,East Khasi Hills,25.57,91.88,8,59.0,124.0
2023-11-17,Sikkim,East Sikkim,27.33,88.61,15,57.0,135.0
2023-11-17,Meghalaya,East Khasi Hills,25.57,91.88,17,52.0,102.0
2023-11-18,Sikkim,East Sikkim,27.33,88.61,5,40.0,112.0
2023-11-18,Meghalaya,East Khasi Hills,25.57,91.88,15,40.0,104.0
2023-11-19,Sikkim,East Sikkim,27.33,88.61,35,55.0,142.0
2023-11-19,Meghalaya,East Khasi Hills,25.57,91.88,38,70.0,136.0
2023-11-20,Sikkim,East Sikkim,27.33,88.61,38,78.0,172.0
2023-11-20,Meghalaya,East Khasi Hills,25.57,91.88,38,91.0,167.0
2023-11-21,Sikkim,East Sikkim,27.33,88.61,18,91.0,153.0
2023-11-21,Meghalaya,East Khasi Hills,25.57,91.88,1,77.0,144.0
2023-11-22,Sikkim,East Sikkim,27.33,88.61,19,75.0,150.0
2023-11-22,Meghalaya,East Khasi Hills,25.57,91.88,13,52.0,130.0
2023-11-23,Sikkim,East Sikkim,27.33,88.61,33,70.0,163.0
2023-11-23,Meghalaya,East Khasi Hills,25.57,91.88,38,52.0,160.0
2023-11-24,Sikkim,East Sikkim,27.33,88.61,32,84.0,180.0
2023-11-24,Meghalaya,East Khasi Hills,25.57,91.88,12,63.0,155.0
2023-11-25,Sikkim,East Sikkim,27.33,88.61,25,90.0,200.0
2023-11-25,Meghalaya,East Khasi Hills,25.57,91.88,18,68.0,158.0
2023-11-26,Sikkim,East Sikkim,27.33,88.61,3,60.0,168.0
2023-11-26,Meghalaya,East Khasi Hills,25.57,91.88,15,45.0,135.0
2023-11-27,Sikkim,East Sikkim,27.33,88.61,31,59.0,161.0
2023-11-27,Meghalaya,East Khasi Hills,25.57,91.88,24,57.0,121.0
2023-11-28,Sikkim,East Sikkim,27.33,88.61,7,41.0,150.0
2023-11-28,Meghalaya,East Khasi Hills,25.57,91.88,15,54.0,135.0
2023-11-29,Sikkim,East Sikkim,27.33,88.61,31,69.0,162.0
2023-11-29,Meghalaya,East Khasi Hills,25.57,91.88,40,79.0,162.0
2023-11-30,Sikkim,East Sikkim,27.33,88.61,38,76.0,167.0
2023-11-30,Meghalaya,East Khasi Hills,25.57,91.88,4,59.0,128.0
2023-12-01,Sikkim,East Sikkim,27.33,88.61,33,102.0,168.0
2023-12-01,Meghalaya,East Khasi Hills,25.57,91.88,0,44.0,116.0
2023-12-02,Sikkim,East Sikkim,27.33,88.61,23,94.0,166.0
2023-12-02,Meghalaya,East Khasi Hills,25.57,91.88,20,24.0,118.0
2023-12-03,Sikkim,East Sikkim,27.33,88.61,8,64.0,171.0
2023-12-03,Meghalaya,East Khasi Hills,25.57,91.88,24,44.0,127.0
2023-12-04,Sikkim,East Sikkim,27.33,88.61,36,67.0,176.0
2023-12-04,Meghalaya,East Khasi Hills,25.57,91.88,26,70.0,129.0
2023-12-05,Sikkim,East Sikkim,27.33,88.61,23,67.0,192.0
2023-12-05,Meghalaya,East Khasi Hills,25.57,91.88,34,84.0,148.0
2023-12-06,Sikkim,East Sikkim,27.33,88.61,11,70.0,172.0
2023-12-06,Meghalaya,East Khasi Hills,25.57,91.88,30,90.0,138.0
2023-12-07,Sikkim,East Sikkim,27.33,88.61,4,38.0,138.0
2023-12-07,Meghalaya,East Khasi Hills,25.57,91.88,1,65.0,135.0
2023-12-08,Sikkim,East Sikkim,27.33,88.61,37,52.0,142.0
2023-12-08,Meghalaya,East Khasi Hills,25.57,91.88,4,35.0,139.0
2023-12-09,Sikkim,East Sikkim,27.33,88.61,0,41.0,119.0
2023-12-09,Meghalaya,East Khasi Hills,25.57,91.88,16,21.0,135.0
2023-12-10,Sikkim,East Sikkim,27.33,88.61,13,50.0,124.0
2023-12-10,Meghalaya,East Khasi Hills,25.57,91.88,2,22.0,113.0
2023-12-11,Sikkim,East Sikkim,27.33,88.61,3,16.0,91.0
2023-12-11,Meghalaya,East Khasi Hills,25.57,91.88,25,43.0,112.0
2023-12-12,Sikkim,East Sikkim,27.33,88.61,32,48.0,100.0
2023-12-12,Meghalaya,East Khasi Hills,25.57,91.88,18,45.0,96.0
2023-12-13,Sikkim,East Sikkim,27.33,88.61,40,75.0,129.0
2023-12-13,Meghalaya,East Khasi Hills,25.57,91.88,32,75.0,98.0
2023-12-14,Sikkim,East Sikkim,27.33,88.61,26,98.0,151.0
2023-12-14,Meghalaya,East Khasi Hills,25.57,91.88,27,77.0,124.0
2023-12-15,Sikkim,East Sikkim,27.33,88.61,25,91.0,139.0
2023-12-15,Meghalaya,East Khasi Hills,25.57,91.88,5,64.0,125.0
2023-12-16,Sikkim,East Sikkim,27.33,88.61,40,91.0,179.0
2023-12-16,Meghalaya,East Khasi Hills,25.57,91.88,34,66.0,143.0
2023-12-17,Sikkim,East Sikkim,27.33,88.61,34,99.0,200.0
2023-12-17,Meghalaya,East Khasi Hills,25.57,91.88,39,78.0,180.0
2023-12-18,Sikkim,East Sikkim,27.33,88.61,9,83.0,206.0
2023-12-18,Meghalaya,East Khasi Hills,25.57,91.88,17,90.0,172.0
2023-12-19,Sikkim,East Sikkim,27.33,88.61,5,48.0,179.0
2023-12-19,Meghalaya,East Khasi Hills,25.57,91.88,19,75.0,173.0
2023-12-20,Sikkim,East Sikkim,27.33,88.61,5,19.0,144.0
2023-12-20,Meghalaya,East Khasi Hills,25.57,91.88,32,68.0,173.0
2023-12-21,Sikkim,East Sikkim,27.33,88.61,13,23.0,131.0
2023-12-21,Meghalaya,East Khasi Hills,25.57,91.88,9,60.0,155.0
2023-12-22,Sikkim,East Sikkim,27.33,88.61,34,52.0,140.0
2023-12-22,Meghalaya,East Khasi Hills,25.57,91.88,20,61.0,170.0
2023-12-23,Sikkim,East Sikkim,27.33,88.61,25,72.0,125.0
2023-12-23,Meghalaya,East Khasi Hills,25.57,91.88,37,66.0,173.0
2023-12-24,Sikkim,East Sikkim,27.33,88.61,40,99.0,131.0
2023-12-24,Meghalaya,East Khasi Hills,25.57,91.88,4,61.0,138.0
2023-12-25,Sikkim,East Sikkim,27.33,88.61,19,84.0,141.0
2023-12-25,Meghalaya,East Khasi Hills,25.57,91.88,27,68.0,148.0
2023-12-26,Sikkim,East Sikkim,27.33,88.61,15,74.0,151.0
2023-12-26,Meghalaya,East Khasi Hills,25.57,91.88,3,34.0,132.0
2023-12-27,Sikkim,East Sikkim,27.33,88.61,15,49.0,161.0
2023-12-27,Meghalaya,East Khasi Hills,25.57,91.88,5,35.0,105.0
2023-12-28,Sikkim,East Sikkim,27.33,88.61,27,57.0,175.0
2023-12-28,Meghalaya,East Khasi Hills,25.57,91.88,7,15.0,103.0
2023-12-29,Sikkim,East Sikkim,27.33,88.61,29,71.0,170.0
2023-12-29,Meghalaya,East Khasi Hills,25.57,91.88,39,51.0,122.0
2023-12-30,Sikkim,East Sikkim,27.33,88.61,38,94.0,183.0
2023-12-30,Meghalaya,East Khasi Hills,25.57,91.88,3,49.0,88.0
2023-12-31,Sikkim,East Sikkim,27.33,88.61,19,86.0,162.0
2023-12-31,Meghalaya,East Khasi Hills,25.57,91.88,11,53.0,95.0
2024-01-01,Sikkim,East Sikkim,27.33,88.61,7,64.0,150.0
2024-01-01,Meghalaya,East Khasi Hills,25.57,91.88,0,14.0,68.0
2024-01-02,Sikkim,East Sikkim,27.33,88.61,8,34.0,143.0
2024-01-02,Meghalaya,East Khasi Hills,25.57,91.88,0,11.0,65.0
2024-01-03,Sikkim,East Sikkim,27.33,88.61,10,25.0,138.0
2024-01-03,Meghalaya,East Khasi Hills,25.57,91.88,31,31.0,91.0
2024-01-04,Sikkim,East Sikkim,27.33,88.61,22,40.0,133.0
2024-01-04,Meghalaya,East Khasi Hills,25.57,91.88,33,64.0,117.0
2024-01-05,Sikkim,East Sikkim,27.33,88.61,33,65.0,137.0
2024-01-05,Meghalaya,East Khasi Hills,25.57,91.88,16,80.0,94.0
2024-01-06,Sikkim,East Sikkim,27.33,88.61,10,65.0,109.0
2024-01-06,Meghalaya,East Khasi Hills,25.57,91.88,23,72.0,114.0
2024-01-07,Sikkim,East Sikkim,27.33,88.61,8,51.0,98.0
2024-01-07,Meghalaya,East Khasi Hills,25.57,91.88,17,56.0,120.0
2024-01-08,Sikkim,East Sikkim,27.33,88.61,7,25.0,98.0
2024-01-08,Meghalaya,East Khasi Hills,25.57,91.88,1,41.0,121.0
2024-01-09,Sikkim,East Sikkim,27.33,88.61,21,36.0,111.0
2024-01-09,Meghalaya,East Khasi Hills,25.57,91.88,27,45.0,148.0
2024-01-10,Sikkim,East Sikkim,27.33,88.61,17,45.0,118.0
2024-01-10,Meghalaya,East Khasi Hills,25.57,91.88,33,61.0,150.0
2024-01-11,Sikkim,East Sikkim,27.33,88.61,4,42.0,100.0
2024-01-11,Meghalaya,East Khasi Hills,25.57,91.88,16,76.0,133.0
2024-01-12,Sikkim,East Sikkim,27.33,88.61,36,57.0,103.0
2024-01-12,Meghalaya,East Khasi Hills,25.57,91.88,40,89.0,157.0
2024-01-13,Sikkim,East Sikkim,27.33,88.61,4,44.0,97.0
2024-01-13,Meghalaya,East Khasi Hills,25.57,91.88,31,87.0,165.0
2024-01-14,Sikkim,East Sikkim,27.33,88.61,29,69.0,118.0
2024-01-14,Meghalaya,East Khasi Hills,25.57,91.88,32,103.0,180.0
2024-01-15,Sikkim,East Sikkim,27.33,88.61,23,56.0,134.0
2024-01-15,Meghalaya,East Khasi Hills,25.57,91.88,3,66.0,182.0
2024-01-16,Sikkim,East Sikkim,27.33,88.61,31,83.0,144.0
2024-01-16,Meghalaya,East Khasi Hills,25.57,91.88,36,71.0,191.0
2024-01-17,Sikkim,East Sikkim,27.33,88.61,10,64.0,137.0
2024-01-17,Meghalaya,East Khasi Hills,25.57,91.88,23,62.0,181.0
2024-01-18,Sikkim,East Sikkim,27.33,88.61,10,51.0,143.0
2024-01-18,Meghalaya,East Khasi Hills,25.57,91.88,16,75.0,181.0
2024-01-19,Sikkim,East Sikkim,27.33,88.61,6,26.0,113.0
2024-01-19,Meghalaya,East Khasi Hills,25.57,91.88,36,75.0,177.0
2024-01-20,Sikkim,East Sikkim,27.33,88.61,7,23.0,116.0
2024-01-20,Meghalaya,East Khasi Hills,25.57,91.88,14,66.0,160.0
2024-01-21,Sikkim,East Sikkim,27.33,88.61,32,45.0,119.0
2024-01-21,Meghalaya,East Khasi Hills,25.57,91.88,0,50.0,128.0
2024-01-22,Sikkim,East Sikkim,27.33,88.61,2,41.0,98.0
2024-01-22,Meghalaya,East Khasi Hills,25.57,91.88,0,14.0,125.0
2024-01-23,Sikkim,East Sikkim,27.33,88.61,15,49.0,82.0
2024-01-23,Meghalaya,East Khasi Hills,25.57,91.88,2,2.0,91.0
2024-01-24,Sikkim,East Sikkim,27.33,88.61,30,47.0,102.0
2024-01-24,Meghalaya,East Khasi Hills,25.57,91.88,23,25.0,91.0
2024-01-25,Sikkim,East Sikkim,27.33,88.61,24,69.0,116.0
2024-01-25,Meghalaya,East Khasi Hills,25.57,91.88,9,34.0,84.0
2024-01-26,Sikkim,East Sikkim,27.33,88.61,11,65.0,121.0
2024-01-26,Meghalaya,East Khasi Hills,25.57,91.88,2,34.0,50.0
2024-01-27,Sikkim,East Sikkim,27.33,88.61,35,70.0,149.0
2024-01-27,Meghalaya,East Khasi Hills,25.57,91.88,26,37.0,62.0
2024-01-28,Sikkim,East Sikkim,27.33,88.61,14,60.0,131.0
2024-01-28,Meghalaya,East Khasi Hills,25.57,91.88,20,48.0,82.0
2024-01-29,Sikkim,East Sikkim,27.33,88.61,15,64.0,144.0
2024-01-29,Meghalaya,East Khasi Hills,25.57,91.88,26,72.0,108.0
2024-01-30,Sikkim,East Sikkim,27.33,88.61,20,49.0,149.0
2024-01-30,Meghalaya,East Khasi Hills,25.57,91.88,17,63.0,123.0
2024-01-31,Sikkim,East Sikkim,27.33,88.61,4,39.0,123.0
2024-01-31,Meghalaya,East Khasi Hills,25.57,91.88,36,79.0,136.0
2024-02-01,Sikkim,East Sikkim,27.33,88.61,23,47.0,122.0
2024-02-01,Meghalaya,East Khasi Hills,25.57,91.88,7,60.0,134.0
2024-02-02,Sikkim,East Sikkim,27.33,88.61,32,59.0,143.0
2024-02-02,Meghalaya,East Khasi Hills,25.57,91.88,3,46.0,135.0
2024-02-03,Sikkim,East Sikkim,27.33,88.61,11,66.0,119.0
2024-02-03,Meghalaya,East Khasi Hills,25.57,91.88,14,24.0,123.0
2024-02-04,Sikkim,East Sikkim,27.33,88.61,33,76.0,138.0
2024-02-04,Meghalaya,East Khasi Hills,25.57,91.88,2,19.0,105.0
2024-02-05,Sikkim,East Sikkim,27.33,88.61,25,69.0,148.0
2024-02-05,Meghalaya,East Khasi Hills,25.57,91.88,4,20.0,83.0
2024-02-06,Sikkim,East Sikkim,27.33,88.61,29,87.0,157.0
2024-02-06,Meghalaya,East Khasi Hills,25.57,91.88,18,24.0,84.0
2024-02-07,Sikkim,East Sikkim,27.33,88.61,19,73.0,172.0
2024-02-07,Meghalaya,East Khasi Hills,25.57,91.88,20,42.0,68.0
2024-02-08,Sikkim,East Sikkim,27.33,88.61,5,53.0,154.0
2024-02-08,Meghalaya,East Khasi Hills,25.57,91.88,35,73.0,96.0
2024-02-09,Sikkim,East Sikkim,27.33,88.61,29,53.0,151.0
2024-02-09,Meghalaya,East Khasi Hills,25.57,91.88,0,55.0,93.0
2024-02-10,Sikkim,East Sikkim,27.33,88.61,23,57.0,163.0
2024-02-10,Meghalaya,East Khasi Hills,25.57,91.88,12,47.0,91.0
2024-02-11,Sikkim,East Sikkim,27.33,88.61,18,70.0,148.0
2024-02-11,Meghalaya,East Khasi Hills,25.57,91.88,36,48.0,125.0
2024-02-12,Sikkim,East Sikkim,27.33,88.61,19,60.0,142.0
2024-02-12,Meghalaya,East Khasi Hills,25.57,91.88,39,87.0,160.0
2024-02-13,Sikkim,East Sikkim,27.33,88.61,15,52.0,128.0
2024-02-13,Meghalaya,East Khasi Hills,25.57,91.88,29,104.0,171.0
2024-02-14,Sikkim,East Sikkim,27.33,88.61,23,57.0,132.0
2024-02-14,Meghalaya,East Khasi Hills,25.57,91.88,37,105.0,188.0
2024-02-15,Sikkim,East Sikkim,27.33,88.61,31,69.0,158.0
2024-02-15,Meghalaya,East Khasi Hills,25.57,91.88,12,78.0,165.0
2024-02-16,Sikkim,East Sikkim,27.33,88.61,34,88.0,163.0
2024-02-16,Meghalaya,East Khasi Hills,25.57,91.88,15,64.0,180.0
2024-02-17,Sikkim,East Sikkim,27.33,88.61,9,74.0,149.0
2024-02-17,Meghalaya,East Khasi Hills,25.57,91.88,0,27.0,168.0
2024-02-18,Sikkim,East Sikkim,27.33,88.61,26,69.0,157.0
2024-02-18,Meghalaya,East Khasi Hills,25.57,91.88,1,16.0,133.0
2024-02-19,Sikkim,East Sikkim,27.33,88.61,14,49.0,152.0
2024-02-19,Meghalaya,East Khasi Hills,25.57,91.88,34,35.0,128.0
2024-02-20,Sikkim,East Sikkim,27.33,88.61,22,62.0,159.0
2024-02-20,Meghalaya,East Khasi Hills,25.57,91.88,40,75.0,139.0
2024-02-21,Sikkim,East Sikkim,27.33,88.61,0,36.0,136.0
2024-02-21,Meghalaya,East Khasi Hills,25.57,91.88,21,95.0,123.0
2024-02-22,Sikkim,East Sikkim,27.33,88.61,0,22.0,105.0
2024-02-22,Meghalaya,East Khasi Hills,25.57,91.88,24,85.0,135.0
2024-02-23,Sikkim,East Sikkim,27.33,88.61,19,19.0,90.0
2024-02-23,Meghalaya,East Khasi Hills,25.57,91.88,6,51.0,126.0
2024-02-24,Sikkim,East Sikkim,27.33,88.61,13,32.0,94.0
2024-02-24,Meghalaya,East Khasi Hills,25.57,91.88,33,63.0,159.0
2024-02-25,Sikkim,East Sikkim,27.33,88.61,15,47.0,83.0
2024-02-25,Meghalaya,East Khasi Hills,25.57,91.88,26,65.0,184.0
2024-02-26,Sikkim,East Sikkim,27.33,88.61,31,59.0,100.0
2024-02-26,Meghalaya,East Khasi Hills,25.57,91.88,3,62.0,153.0
2024-02-27,Sikkim,East Sikkim,27.33,88.61,9,55.0,87.0
2024-02-27,Meghalaya,East Khasi Hills,25.57,91.88,17,46.0,130.0
2024-02-28,Sikkim,East Sikkim,27.33,88.61,5,45.0,92.0
2024-02-28,Meghalaya,East Khasi Hills,25.57,91.88,2,22.0,111.0
2024-02-29,Sikkim,East Sikkim,27.33,88.61,14,28.0,106.0
2024-02-29,Meghalaya,East Khasi Hills,25.57,91.88,33,52.0,120.0
2024-03-01,Sikkim,East Sikkim,27.33,88.61,26,45.0,113.0
2024-03-01,Meghalaya,East Khasi Hills,25.57,91.88,23,58.0,137.0
2024-03-02,Sikkim,East Sikkim,27.33,88.61,29,69.0,129.0
2024-03-02,Meghalaya,East Khasi Hills,25.57,91.88,5,61.0,109.0
2024-03-03,Sikkim,East Sikkim,27.33,88.61,37,92.0,151.0
2024-03-03,Meghalaya,East Khasi Hills,25.57,91.88,6,34.0,89.0
2024-03-04,Sikkim,East Sikkim,27.33,88.61,32,98.0,152.0
2024-03-04,Meghalaya,East Khasi Hills,25.57,91.88,8,19.0,94.0
2024-03-05,Sikkim,East Sikkim,27.33,88.61,40,109.0,183.0
2024-03-05,Meghalaya,East Khasi Hills,25.57,91.88,25,39.0,102.0
2024-03-06,Sikkim,East Sikkim,27.33,88.61,4,76.0,182.0
2024-03-06,Meghalaya,East Khasi Hills,25.57,91.88,37,70.0,137.0
2024-03-07,Sikkim,East Sikkim,27.33,88.61,36,80.0,204.0
2024-03-07,Meghalaya,East Khasi Hills,25.57,91.88,3,65.0,107.0
2024-03-08,Sikkim,East Sikkim,27.33,88.61,27,67.0,205.0
2024-03-08,Meghalaya,East Khasi Hills,25.57,91.88,8,48.0,92.0
2024-03-09,Sikkim,East Sikkim,27.33,88.61,15,78.0,191.0
2024-03-09,Meghalaya,East Khasi Hills,25.57,91.88,18,29.0,105.0
2024-03-10,Sikkim,East Sikkim,27.33,88.61,16,58.0,170.0
2024-03-10,Meghalaya,East Khasi Hills,25.57,91.88,20,46.0,119.0
2024-03-11,Sikkim,East Sikkim,27.33,88.61,25,56.0,163.0
2024-03-11,Meghalaya,East Khasi Hills,25.57,91.88,20,58.0,131.0
2024-03-12,Sikkim,East Sikkim,27.33,88.61,20,61.0,143.0
2024-03-12,Meghalaya,East Khasi Hills,25.57,91.88,28,68.0,134.0
2024-03-13,Sikkim,East Sikkim,27.33,88.61,17,62.0,156.0
2024-03-13,Meghalaya,East Khasi Hills,25.57,91.88,14,62.0,111.0
2024-03-14,Sikkim,East Sikkim,27.33,88.61,4,41.0,124.0
2024-03-14,Meghalaya,East Khasi Hills,25.57,91.88,12,54.0,120.0
2024-03-15,Sikkim,East Sikkim,27.33,88.61,8,29.0,105.0
2024-03-15,Meghalaya,East Khasi Hills,25.57,91.88,37,63.0,149.0
2024-03-16,Sikkim,East Sikkim,27.33,88.61,6,18.0,96.0
2024-03-16,Meghalaya,East Khasi Hills,25.57,91.88,9,58.0,140.0
2024-03-17,Sikkim,East Sikkim,27.33,88.61,6,20.0,86.0
2024-03-17,Meghalaya,East Khasi Hills,25.57,91.88,10,56.0,130.0
2024-03-18,Sikkim,East Sikkim,27.33,88.61,28,40.0,89.0
2024-03-18,Meghalaya,East Khasi Hills,25.57,91.88,29,48.0,139.0
2024-03-19,Sikkim,East Sikkim,27.33,88.61,20,54.0,89.0
2024-03-19,Meghalaya,East Khasi Hills,25.57,91.88,26,65.0,137.0
2024-03-20,Sikkim,East Sikkim,27.33,88.61,7,55.0,79.0
2024-03-20,Meghalaya,East Khasi Hills,25.57,91.88,34,89.0,157.0
2024-03-21,Sikkim,East Sikkim,27.33,88.61,22,49.0,97.0
2024-03-21,Meghalaya,East Khasi Hills,25.57,91.88,13,73.0,158.0
2024-03-22,Sikkim,East Sikkim,27.33,88.61,28,57.0,117.0
2024-03-22,Meghalaya,East Khasi Hills,25.57,91.88,19,66.0,140.0
2024-03-23,Sikkim,East Sikkim,27.33,88.61,29,79.0,140.0
2024-03-23,Meghalaya,East Khasi Hills,25.57,91.88,16,48.0,147.0
2024-03-24,Sikkim,East Sikkim,27.33,88.61,7,64.0,141.0
2024-03-24,Meghalaya,East Khasi Hills,25.57,91.88,5,40.0,142.0
2024-03-25,Sikkim,East Sikkim,27.33,88.61,10,46.0,123.0
2024-03-25,Meghalaya,East Khasi Hills,25.57,91.88,19,40.0,132.0
2024-03-26,Sikkim,East Sikkim,27.33,88.61,38,55.0,141.0
2024-03-26,Meghalaya,East Khasi Hills,25.57,91.88,2,26.0,108.0
2024-03-27,Sikkim,East Sikkim,27.33,88.61,13,61.0,147.0
2024-03-27,Meghalaya,East Khasi Hills,25.57,91.88,20,41.0,94.0
2024-03-28,Sikkim,East Sikkim,27.33,88.61,9,60.0,134.0
2024-03-28,Meghalaya,East Khasi Hills,25.57,91.88,5,27.0,86.0
2024-03-29,Sikkim,East Sikkim,27.33,88.61,15,37.0,121.0
2024-03-29,Meghalaya,East Khasi Hills,25.57,91.88,22,47.0,89.0
2024-03-30,Sikkim,East Sikkim,27.33,88.61,25,49.0,117.0
2024-03-30,Meghalaya,East Khasi Hills,25.57,91.88,32,59.0,105.0
2024-03-31,Sikkim,East Sikkim,27.33,88.61,3,43.0,113.0
2024-03-31,Meghalaya,East Khasi Hills,25.57,91.88,19,73.0,119.0
2024-04-01,Sikkim,East Sikkim,27.33,88.61,16,44.0,119.0
2024-04-01,Meghalaya,East Khasi Hills,25.57,91.88,11,62.0,111.0
2024-04-02,Sikkim,East Sikkim,27.33,88.61,1,20.0,82.0
2024-04-02,Meghalaya,East Khasi Hills,25.57,91.88,25,55.0,134.0
2024-04-03,Sikkim,East Sikkim,27.33,88.61,28,45.0,97.0
2024-04-03,Meghalaya,East Khasi Hills,25.57,91.88,35,71.0,149.0
2024-04-04,Sikkim,East Sikkim,27.33,88.61,35,64.0,123.0
2024-04-04,Meghalaya,East Khasi Hills,25.57,91.88,15,75.0,159.0
2024-04-05,Sikkim,East Sikkim,27.33,88.61,6,69.0,114.0
2024-04-05,Meghalaya,East Khasi Hills,25.57,91.88,29,79.0,166.0
2024-04-06,Sikkim,East Sikkim,27.33,88.61,6,47.0,95.0
2024-04-06,Meghalaya,East Khasi Hills,25.57,91.88,8,52.0,142.0
2024-04-07,Sikkim,East Sikkim,27.33,88.61,7,19.0,99.0
2024-04-07,Meghalaya,East Khasi Hills,25.57,91.88,0,37.0,123.0
2024-04-08,Sikkim,East Sikkim,27.33,88.61,3,16.0,86.0
2024-04-08,Meghalaya,East Khasi Hills,25.57,91.88,14,22.0,126.0
2024-04-09,Sikkim,East Sikkim,27.33,88.61,8,18.0,93.0
2024-04-09,Meghalaya,East Khasi Hills,25.57,91.88,12,26.0,113.0
2024-04-10,Sikkim,East Sikkim,27.33,88.61,25,36.0,90.0
2024-04-10,Meghalaya,East Khasi Hills,25.57,91.88,23,49.0,101.0
2024-04-11,Sikkim,East Sikkim,27.33,88.61,40,73.0,95.0
2024-04-11,Meghalaya,East Khasi Hills,25.57,91.88,5,40.0,91.0
2024-04-12,Sikkim,East Sikkim,27.33,88.61,37,102.0,126.0
2024-04-12,Meghalaya,East Khasi Hills,25.57,91.88,37,65.0,99.0
2024-04-13,Sikkim,East Sikkim,27.33,88.61,16,93.0,136.0
2024-04-13,Meghalaya,East Khasi Hills,25.57,91.88,4,46.0,95.0
2024-04-14,Sikkim,East Sikkim,27.33,88.61,1,54.0,130.0
2024-04-14,Meghalaya,East Khasi Hills,25.57,91.88,4,45.0,99.0
2024-04-15,Sikkim,East Sikkim,27.33,88.61,12,29.0,139.0
2024-04-15,Meghalaya,East Khasi Hills,25.57,91.88,28,36.0,113.0
2024-04-16,Sikkim,East Sikkim,27.33,88.61,8,21.0,139.0
2024-04-16,Meghalaya,East Khasi Hills,25.57,91.88,5,37.0,106.0
2024-04-17,Sikkim,East Sikkim,27.33,88.61,21,41.0,135.0
2024-04-17,Meghalaya,East Khasi Hills,25.57,91.88,7,40.0,90.0
2024-04-18,Sikkim,East Sikkim,27.33,88.61,2,31.0,97.0
2024-04-18,Meghalaya,East Khasi Hills,25.57,91.88,29,41.0,114.0
2024-04-19,Sikkim,East Sikkim,27.33,88.61,3,26.0,63.0
2024-04-19,Meghalaya,East Khasi Hills,25.57,91.88,10,46.0,87.0
2024-04-20,Sikkim,East Sikkim,27.33,88.61,36,41.0,83.0
2024-04-20,Meghalaya,East Khasi Hills,25.57,91.88,27,66.0,110.0
2024-04-21,Sikkim,East Sikkim,27.33,88.61,25,64.0,107.0
2024-04-21,Meghalaya,East Khasi Hills,25.57,91.88,31,68.0,137.0
2024-04-22,Sikkim,East Sikkim,27.33,88.61,1,62.0,96.0
2024-04-22,Meghalaya,East Khasi Hills,25.57,91.88,24,82.0,133.0
2024-04-23,Sikkim,East Sikkim,27.33,88.61,27,53.0,115.0
2024-04-23,Meghalaya,East Khasi Hills,25.57,91.88,11,66.0,139.0
2024-04-24,Sikkim,East Sikkim,27.33,88.61,22,50.0,116.0
2024-04-24,Meghalaya,East Khasi Hills,25.57,91.88,13,48.0,145.0
2024-04-25,Sikkim,East Sikkim,27.33,88.61,11,60.0,125.0
2024-04-25,Meghalaya,East Khasi Hills,25.57,91.88,17,41.0,133.0
2024-04-26,Sikkim,East Sikkim,27.33,88.61,17,50.0,139.0
2024-04-26,Meghalaya,East Khasi Hills,25.57,91.88,28,58.0,151.0
2024-04-27,Sikkim,East Sikkim,27.33,88.61,9,37.0,112.0
2024-04-27,Meghalaya,East Khasi Hills,25.57,91.88,2,47.0,126.0
2024-04-28,Sikkim,East Sikkim,27.33,88.61,39,65.0,126.0
2024-04-28,Meghalaya,East Khasi Hills,25.57,91.88,39,69.0,134.0
2024-04-29,Sikkim,East Sikkim,27.33,88.61,39,87.0,164.0
2024-04-29,Meghalaya,East Khasi Hills,25.57,91.88,15,56.0,125.0
2024-04-30,Sikkim,East Sikkim,27.33,88.61,18,96.0,155.0
2024-04-30,Meghalaya,East Khasi Hills,25.57,91.88,31,85.0,145.0
2024-05-01,Sikkim,East Sikkim,27.33,88.61,26,83.0,159.0
2024-05-01,Meghalaya,East Khasi Hills,25.57,91.88,35,81.0,167.0
2024-05-02,Sikkim,East Sikkim,27.33,88.61,30,74.0,178.0
2024-05-02,Meghalaya,East Khasi Hills,25.57,91.88,3,69.0,153.0
2024-05-03,Sikkim,East Sikkim,27.33,88.61,5,61.0,166.0
2024-05-03,Meghalaya,East Khasi Hills,25.57,91.88,17,55.0,142.0
2024-05-04,Sikkim,East Sikkim,27.33,88.61,24,59.0,181.0
2024-05-04,Meghalaya,East Khasi Hills,25.57,91.88,8,28.0,148.0
2024-05-05,Sikkim,East Sikkim,27.33,88.61,26,55.0,168.0
2024-05-05,Meghalaya,East Khasi Hills,25.57,91.88,12,37.0,121.0
2024-05-06,Sikkim,East Sikkim,27.33,88.61,33,83.0,162.0
2024-05-06,Meghalaya,East Khasi Hills,25.57,91.88,15,35.0,121.0
2024-05-07,Sikkim,East Sikkim,27.33,88.61,40,99.0,184.0
2024-05-07,Meghalaya,East Khasi Hills,25.57,91.88,34,61.0,124.0
2024-05-08,Sikkim,East Sikkim,27.33,88.61,1,74.0,159.0
2024-05-08,Meghalaya,East Khasi Hills,25.57,91.88,24,73.0,113.0
2024-05-09,Sikkim,East Sikkim,27.33,88.61,22,63.0,151.0
2024-05-09,Meghalaya,East Khasi Hills,25.57,91.88,30,88.0,140.0
2024-05-10,Sikkim,East Sikkim,27.33,88.61,34,57.0,180.0
2024-05-10,Meghalaya,East Khasi Hills,25.57,91.88,31,85.0,154.0
2024-05-11,Sikkim,East Sikkim,27.33,88.61,22,78.0,178.0
2024-05-11,Meghalaya,East Khasi Hills,25.57,91.88,36,97.0,182.0
2024-05-12,Sikkim,East Sikkim,27.33,88.61,32,88.0,184.0
2024-05-12,Meghalaya,East Khasi Hills,25.57,91.88,20,87.0,190.0
2024-05-13,Sikkim,East Sikkim,27.33,88.61,24,78.0,175.0
2024-05-13,Meghalaya,East Khasi Hills,25.57,91.88,17,73.0,192.0
2024-05-14,Sikkim,East Sikkim,27.33,88.61,11,67.0,146.0
2024-05-14,Meghalaya,East Khasi Hills,25.57,91.88,1,38.0,159.0
2024-05-15,Sikkim,East Sikkim,27.33,88.61,20,55.0,165.0
2024-05-15,Meghalaya,East Khasi Hills,25.57,91.88,38,56.0,173.0
2024-05-16,Sikkim,East Sikkim,27.33,88.61,14,45.0,157.0
2024-05-16,Meghalaya,East Khasi Hills,25.57,91.88,1,40.0,144.0
2024-05-17,Sikkim,East Sikkim,27.33,88.61,17,51.0,140.0
2024-05-17,Meghalaya,East Khasi Hills,25.57,91.88,3,42.0,116.0
2024-05-18,Sikkim,East Sikkim,27.33,88.61,30,61.0,148.0
2024-05-18,Meghalaya,East Khasi Hills,25.57,91.88,33,37.0,113.0
2024-05-19,Sikkim,East Sikkim,27.33,88.61,22,69.0,138.0
2024-05-19,Meghalaya,East Khasi Hills,25.57,91.88,37,73.0,130.0
2024-05-20,Sikkim,East Sikkim,27.33,88.61,14,66.0,128.0
2024-05-20,Meghalaya,East Khasi Hills,25.57,91.88,10,80.0,123.0
2024-05-21,Sikkim,East Sikkim,27.33,88.61,6,42.0,123.0
2024-05-21,Meghalaya,East Khasi Hills,25.57,91.88,15,62.0,137.0
2024-05-22,Sikkim,East Sikkim,27.33,88.61,15,35.0,118.0
2024-05-22,Meghalaya,East Khasi Hills,25.57,91.88,17,42.0,116.0
2024-05-23,Sikkim,East Sikkim,27.33,88.61,34,55.0,138.0
2024-05-23,Meghalaya,East Khasi Hills,25.57,91.88,3,35.0,118.0
2024-05-24,Sikkim,East Sikkim,27.33,88.61,14,63.0,135.0
2024-05-24,Meghalaya,East Khasi Hills,25.57,91.88,36,56.0,151.0
2024-05-25,Sikkim,East Sikkim,27.33,88.61,24,72.0,129.0
2024-05-25,Meghalaya,East Khasi Hills,25.57,91.88,22,61.0,140.0
2024-05-26,Sikkim,East Sikkim,27.33,88.61,11,49.0,118.0
2024-05-26,Meghalaya,East Khasi Hills,25.57,91.88,11,69.0,114.0
2024-05-27,Sikkim,East Sikkim,27.33,88.61,15,50.0,119.0
2024-05-27,Meghalaya,East Khasi Hills,25.57,91.88,37,70.0,141.0
2024-05-28,Sikkim,East Sikkim,27.33,88.61,20,46.0,133.0
2024-05-28,Meghalaya,East Khasi Hills,25.57,91.88,22,70.0,148.0
2024-05-29,Sikkim,East Sikkim,27.33,88.61,37,72.0,155.0
2024-05-29,Meghalaya,East Khasi Hills,25.57,91.88,1,60.0,132.0
2024-05-30,Sikkim,East Sikkim,27.33,88.61,22,79.0,143.0
2024-05-30,Meghalaya,East Khasi Hills,25.57,91.88,36,59.0,165.0
2024-05-31,Sikkim,East Sikkim,27.33,88.61,36,95.0,165.0
2024-05-31,Meghalaya,East Khasi Hills,25.57,91.88,9,46.0,138.0
2024-06-01,Sikkim,East Sikkim,27.33,88.61,104,162.0,245.0
2024-06-01,Meghalaya,East Khasi Hills,25.57,91.88,183,228.0,299.0
2024-06-02,Sikkim,East Sikkim,27.33,88.61,143,283.0,377.0
2024-06-02,Meghalaya,East Khasi Hills,25.57,91.88,102,294.0,390.0
2024-06-03,Sikkim,East Sikkim,27.33,88.61,91,338.0,453.0
2024-06-03,Meghalaya,East Khasi Hills,25.57,91.88,38,323.0,391.0
2024-06-04,Sikkim,East Sikkim,27.33,88.61,33,267.0,466.0
2024-06-04,Meghalaya,East Khasi Hills,25.57,91.88,122,262.0,491.0
2024-06-05,Sikkim,East Sikkim,27.33,88.61,105,229.0,534.0
2024-06-05,Meghalaya,East Khasi Hills,25.57,91.88,123,283.0,613.0
2024-06-06,Sikkim,East Sikkim,27.33,88.61,197,335.0,709.0
2024-06-06,Meghalaya,East Khasi Hills,25.57,91.88,191,436.0,768.0
2024-06-07,Sikkim,East Sikkim,27.33,88.61,82,384.0,755.0
2024-06-07,Meghalaya,East Khasi Hills,25.57,91.88,9,323.0,768.0
2024-06-08,Sikkim,East Sikkim,27.33,88.61,188,467.0,839.0
2024-06-08,Meghalaya,East Khasi Hills,25.57,91.88,126,326.0,711.0
2024-06-09,Sikkim,East Sikkim,27.33,88.61,127,397.0,823.0
2024-06-09,Meghalaya,East Khasi Hills,25.57,91.88,164,299.0,773.0
2024-06-10,Sikkim,East Sikkim,27.33,88.61,92,407.0,824.0
2024-06-10,Meghalaya,East Khasi Hills,25.57,91.88,121,411.0,856.0
2024-06-11,Sikkim,East Sikkim,27.33,88.61,10,229.0,801.0
2024-06-11,Meghalaya,East Khasi Hills,25.57,91.88,135,420.0,869.0
2024-06-12,Sikkim,East Sikkim,27.33,88.61,142,244.0,838.0
2024-06-12,Meghalaya,East Khasi Hills,25.57,91.88,102,358.0,848.0
2024-06-13,Sikkim,East Sikkim,27.33,88.61,151,303.0,792.0
2024-06-13,Meghalaya,East Khasi Hills,25.57,91.88,198,435.0,855.0
2024-06-14,Sikkim,East Sikkim,27.33,88.61,125,418.0,835.0
2024-06-14,Meghalaya,East Khasi Hills,25.57,91.88,37,337.0,883.0
2024-06-15,Sikkim,East Sikkim,27.33,88.61,128,404.0,775.0
2024-06-15,Meghalaya,East Khasi Hills,25.57,91.88,168,403.0,925.0
2024-06-16,Sikkim,East Sikkim,27.33,88.61,11,264.0,659.0
2024-06-16,Meghalaya,East Khasi Hills,25.57,91.88,169,374.0,930.0
2024-06-17,Sikkim,East Sikkim,27.33,88.61,130,269.0,697.0
2024-06-17,Meghalaya,East Khasi Hills,25.57,91.88,178,515.0,987.0
2024-06-18,Sikkim,East Sikkim,27.33,88.61,84,225.0,771.0
2024-06-18,Meghalaya,East Khasi Hills,25.57,91.88,20,367.0,872.0
2024-06-19,Sikkim,East Sikkim,27.33,88.61,158,372.0,787.0
2024-06-19,Meghalaya,East Khasi Hills,25.57,91.88,36,234.0,806.0
2024-06-20,Sikkim,East Sikkim,27.33,88.61,31,273.0,667.0
2024-06-20,Meghalaya,East Khasi Hills,25.57,91.88,4,60.0,612.0
2024-06-21,Sikkim,East Sikkim,27.33,88.61,20,209.0,562.0
2024-06-21,Meghalaya,East Khasi Hills,25.57,91.88,5,45.0,580.0
2024-06-22,Sikkim,East Sikkim,27.33,88.61,165,216.0,599.0
2024-06-22,Meghalaya,East Khasi Hills,25.57,91.88,193,202.0,605.0
2024-06-23,Sikkim,East Sikkim,27.33,88.61,81,266.0,669.0
2024-06-23,Meghalaya,East Khasi Hills,25.57,91.88,15,213.0,451.0
2024-06-24,Sikkim,East Sikkim,27.33,88.61,124,370.0,663.0
2024-06-24,Meghalaya,East Khasi Hills,25.57,91.88,6,214.0,279.0
2024-06-25,Sikkim,East Sikkim,27.33,88.61,86,291.0,665.0
2024-06-25,Meghalaya,East Khasi Hills,25.57,91.88,173,194.0,432.0
2024-06-26,Sikkim,East Sikkim,27.33,88.61,101,311.0,608.0
2024-06-26,Meghalaya,East Khasi Hills,25.57,91.88,143,322.0,539.0
2024-06-27,Sikkim,East Sikkim,27.33,88.61,124,311.0,701.0
2024-06-27,Meghalaya,East Khasi Hills,25.57,91.88,92,408.0,627.0
2024-06-28,Sikkim,East Sikkim,27.33,88.61,180,405.0,861.0
2024-06-28,Meghalaya,East Khasi Hills,25.57,91.88,163,398.0,785.0
2024-06-29,Sikkim,East Sikkim,27.33,88.61,108,412.0,804.0
2024-06-29,Meghalaya,East Khasi Hills,25.57,91.88,4,259.0,596.0
2024-06-30,Sikkim,East Sikkim,27.33,88.61,84,372.0,807.0
2024-06-30,Meghalaya,East Khasi Hills,25.57,91.88,20,187.0,601.0
2024-07-01,Sikkim,East Sikkim,27.33,88.61,6,198.0,689.0
2024-07-01,Meghalaya,East Khasi Hills,25.57,91.88,10,34.0,605.0
2024-07-02,Sikkim,East Sikkim,27.33,88.61,100,190.0,703.0
2024-07-02,Meghalaya,East Khasi Hills,25.57,91.88,150,180.0,582.0
2024-07-03,Sikkim,East Sikkim,27.33,88.61,91,197.0,693.0
2024-07-03,Meghalaya,East Khasi Hills,25.57,91.88,158,318.0,597.0
2024-07-04,Sikkim,East Sikkim,27.33,88.61,170,361.0,739.0
2024-07-04,Meghalaya,East Khasi Hills,25.57,91.88,10,318.0,515.0
2024-07-05,Sikkim,East Sikkim,27.33,88.61,135,396.0,694.0
2024-07-05,Meghalaya,East Khasi Hills,25.57,91.88,6,174.0,358.0
2024-07-06,Sikkim,East Sikkim,27.33,88.61,104,409.0,690.0
2024-07-06,Meghalaya,East Khasi Hills,25.57,91.88,150,166.0,504.0
2024-07-07,Sikkim,East Sikkim,27.33,88.61,173,412.0,779.0
2024-07-07,Meghalaya,East Khasi Hills,25.57,91.88,164,320.0,648.0
2024-07-08,Sikkim,East Sikkim,27.33,88.61,15,292.0,788.0
2024-07-08,Meghalaya,East Khasi Hills,25.57,91.88,25,339.0,663.0
2024-07-09,Sikkim,East Sikkim,27.33,88.61,187,375.0,875.0
2024-07-09,Meghalaya,East Khasi Hills,25.57,91.88,86,275.0,599.0
2024-07-10,Sikkim,East Sikkim,27.33,88.61,134,336.0,918.0
2024-07-10,Meghalaya,East Khasi Hills,25.57,91.88,40,151.0,481.0
2024-07-11,Sikkim,East Sikkim,27.33,88.61,105,426.0,853.0
2024-07-11,Meghalaya,East Khasi Hills,25.57,91.88,13,139.0,484.0
2024-07-12,Sikkim,East Sikkim,27.33,88.61,18,257.0,736.0
2024-07-12,Meghalaya,East Khasi Hills,25.57,91.88,140,193.0,618.0
2024-07-13,Sikkim,East Sikkim,27.33,88.61,119,242.0,751.0
2024-07-13,Meghalaya,East Khasi Hills,25.57,91.88,140,293.0,608.0
2024-07-14,Sikkim,East Sikkim,27.33,88.61,164,301.0,742.0
2024-07-14,Meghalaya,East Khasi Hills,25.57,91.88,34,314.0,478.0
2024-07-15,Sikkim,East Sikkim,27.33,88.61,127,410.0,854.0
2024-07-15,Meghalaya,East Khasi Hills,25.57,91.88,127,301.0,580.0
2024-07-16,Sikkim,East Sikkim,27.33,88.61,2,293.0,669.0
2024-07-16,Meghalaya,East Khasi Hills,25.57,91.88,29,190.0,523.0
2024-07-17,Sikkim,East Sikkim,27.33,88.61,17,146.0,552.0
2024-07-17,Meghalaya,East Khasi Hills,25.57,91.88,99,255.0,582.0
2024-07-18,Sikkim,East Sikkim,27.33,88.61,165,184.0,612.0
2024-07-18,Meghalaya,East Khasi Hills,25.57,91.88,22,150.0,591.0
2024-07-19,Sikkim,East Sikkim,27.33,88.61,132,314.0,726.0
2024-07-19,Meghalaya,East Khasi Hills,25.57,91.88,155,276.0,606.0
2024-07-20,Sikkim,East Sikkim,27.33,88.61,3,300.0,610.0
2024-07-20,Meghalaya,East Khasi Hills,25.57,91.88,184,361.0,650.0
2024-07-21,Sikkim,East Sikkim,27.33,88.61,148,283.0,594.0
2024-07-21,Meghalaya,East Khasi Hills,25.57,91.88,199,538.0,815.0
2024-07-22,Sikkim,East Sikkim,27.33,88.61,192,343.0,659.0
2024-07-22,Meghalaya,East Khasi Hills,25.57,91.88,19,402.0,707.0
2024-07-23,Sikkim,East Sikkim,27.33,88.61,2,342.0,659.0
2024-07-23,Meghalaya,East Khasi Hills,25.57,91.88,195,413.0,873.0
2024-07-24,Sikkim,East Sikkim,27.33,88.61,153,347.0,795.0
2024-07-24,Meghalaya,East Khasi Hills,25.57,91.88,159,373.0,933.0
2024-07-25,Sikkim,East Sikkim,27.33,88.61,28,183.0,658.0
2024-07-25,Meghalaya,East Khasi Hills,25.57,91.88,10,364.0,921.0
2024-07-26,Sikkim,East Sikkim,27.33,88.61,183,364.0,709.0
2024-07-26,Meghalaya,East Khasi Hills,25.57,91.88,2,171.0,768.0
2024-07-27,Sikkim,East Sikkim,27.33,88.61,167,378.0,873.0
2024-07-27,Meghalaya,East Khasi Hills,25.57,91.88,185,197.0,769.0
2024-07-28,Sikkim,East Sikkim,27.33,88.61,186,536.0,911.0
2024-07-28,Meghalaya,East Khasi Hills,25.57,91.88,120,307.0,690.0
2024-07-29,Sikkim,East Sikkim,27.33,88.61,197,550.0,916.0
2024-07-29,Meghalaya,East Khasi Hills,25.57,91.88,91,396.0,762.0
2024-07-30,Sikkim,East Sikkim,27.33,88.61,130,513.0,1044.0
2024-07-30,Meghalaya,East Khasi Hills,25.57,91.88,189,400.0,756.0
2024-07-31,Sikkim,East Sikkim,27.33,88.61,29,356.0,920.0
2024-07-31,Meghalaya,East Khasi Hills,25.57,91.88,81,361.0,678.0
2024-08-01,Sikkim,East Sikkim,27.33,88.61,159,318.0,1051.0
2024-08-01,Meghalaya,East Khasi Hills,25.57,91.88,180,450.0,848.0
2024-08-02,Sikkim,East Sikkim,27.33,88.61,133,321.0,1001.0
2024-08-02,Meghalaya,East Khasi Hills,25.57,91.88,36,297.0,882.0
2024-08-03,Sikkim,East Sikkim,27.33,88.61,177,469.0,1011.0
2024-08-03,Meghalaya,East Khasi Hills,25.57,91.88,92,308.0,789.0
2024-08-04,Sikkim,East Sikkim,27.33,88.61,152,462.0,977.0
2024-08-04,Meghalaya,East Khasi Hills,25.57,91.88,180,308.0,849.0
2024-08-05,Sikkim,East Sikkim,27.33,88.61,34,363.0,814.0
2024-08-05,Meghalaya,East Khasi Hills,25.57,91.88,192,464.0,950.0
2024-08-06,Sikkim,East Sikkim,27.33,88.61,129,315.0,813.0
2024-08-06,Meghalaya,East Khasi Hills,25.57,91.88,153,525.0,914.0
2024-08-07,Sikkim,East Sikkim,27.33,88.61,84,247.0,868.0
2024-08-07,Meghalaya,East Khasi Hills,25.57,91.88,25,370.0,858.0
2024-08-08,Sikkim,East Sikkim,27.33,88.61,38,251.0,747.0
2024-08-08,Meghalaya,East Khasi Hills,25.57,91.88,131,309.0,809.0
2024-08-09,Sikkim,East Sikkim,27.33,88.61,21,143.0,635.0
2024-08-09,Meghalaya,East Khasi Hills,25.57,91.88,86,242.0,859.0
2024-08-10,Sikkim,East Sikkim,27.33,88.61,197,256.0,655.0
2024-08-10,Meghalaya,East Khasi Hills,25.57,91.88,23,240.0,790.0
2024-08-11,Sikkim,East Sikkim,27.33,88.61,19,237.0,522.0
2024-08-11,Meghalaya,East Khasi Hills,25.57,91.88,187,296.0,797.0
2024-08-12,Sikkim,East Sikkim,27.33,88.61,169,385.0,657.0
2024-08-12,Meghalaya,East Khasi Hills,25.57,91.88,191,401.0,796.0
2024-08-13,Sikkim,East Sikkim,27.33,88.61,19,207.0,547.0
2024-08-13,Meghalaya,East Khasi Hills,25.57,91.88,136,514.0,779.0
2024-08-14,Sikkim,East Sikkim,27.33,88.61,121,309.0,584.0
2024-08-14,Meghalaya,East Khasi Hills,25.57,91.88,26,353.0,780.0
2024-08-15,Sikkim,East Sikkim,27.33,88.61,91,231.0,637.0
2024-08-15,Meghalaya,East Khasi Hills,25.57,91.88,13,175.0,662.0
2024-08-16,Sikkim,East Sikkim,27.33,88.61,132,344.0,748.0
2024-08-16,Meghalaya,East Khasi Hills,25.57,91.88,177,216.0,753.0
2024-08-17,Sikkim,East Sikkim,27.33,88.61,127,350.0,678.0
2024-08-17,Meghalaya,East Khasi Hills,25.57,91.88,145,335.0,875.0
2024-08-18,Sikkim,East Sikkim,27.33,88.61,88,347.0,747.0
2024-08-18,Meghalaya,East Khasi Hills,25.57,91.88,144,466.0,832.0
2024-08-19,Sikkim,East Sikkim,27.33,88.61,179,394.0,757.0
2024-08-19,Meghalaya,East Khasi Hills,25.57,91.88,192,481.0,833.0
2024-08-20,Sikkim,East Sikkim,27.33,88.61,102,369.0,840.0
2024-08-20,Meghalaya,East Khasi Hills,25.57,91.88,12,348.0,709.0
2024-08-21,Sikkim,East Sikkim,27.33,88.61,111,392.0,830.0
2024-08-21,Meghalaya,East Khasi Hills,25.57,91.88,3,207.0,686.0
2024-08-22,Sikkim,East Sikkim,27.33,88.61,170,383.0,909.0
2024-08-22,Meghalaya,East Khasi Hills,25.57,91.88,23,38.0,696.0
2024-08-23,Sikkim,East Sikkim,27.33,88.61,144,425.0,921.0
2024-08-23,Meghalaya,East Khasi Hills,25.57,91.88,198,224.0,717.0
2024-08-24,Sikkim,East Sikkim,27.33,88.61,1,315.0,795.0
2024-08-24,Meghalaya,East Khasi Hills,25.57,91.88,31,252.0,603.0
2024-08-25,Sikkim,East Sikkim,27.33,88.61,102,247.0,809.0
2024-08-25,Meghalaya,East Khasi Hills,25.57,91.88,140,369.0,599.0
2024-08-26,Sikkim,East Sikkim,27.33,88.61,124,227.0,754.0
2024-08-26,Meghalaya,East Khasi Hills,25.57,91.88,187,358.0,594.0
2024-08-27,Sikkim,East Sikkim,27.33,88.61,175,401.0,827.0
2024-08-27,Meghalaya,East Khasi Hills,25.57,91.88,91,418.0,673.0
2024-08-28,Sikkim,East Sikkim,27.33,88.61,24,323.0,740.0
2024-08-28,Meghalaya,East Khasi Hills,25.57,91.88,36,314.0,706.0
2024-08-29,Sikkim,East Sikkim,27.33,88.61,107,306.0,677.0
2024-08-29,Meghalaya,East Khasi Hills,25.57,91.88,162,289.0,845.0
2024-08-30,Sikkim,East Sikkim,27.33,88.61,13,144.0,546.0
2024-08-30,Meghalaya,East Khasi Hills,25.57,91.88,26,224.0,673.0
2024-08-31,Sikkim,East Sikkim,27.33,88.61,190,310.0,735.0
2024-08-31,Meghalaya,East Khasi Hills,25.57,91.88,178,366.0,820.0
2024-09-01,Sikkim,East Sikkim,27.33,88.61,140,343.0,773.0
2024-09-01,Meghalaya,East Khasi Hills,25.57,91.88,162,366.0,842.0
2024-09-02,Sikkim,East Sikkim,27.33,88.61,0,330.0,649.0
2024-09-02,Meghalaya,East Khasi Hills,25.57,91.88,38,378.0,693.0
2024-09-03,Sikkim,East Sikkim,27.33,88.61,119,259.0,593.0
2024-09-03,Meghalaya,East Khasi Hills,25.57,91.88,170,370.0,772.0
2024-09-04,Sikkim,East Sikkim,27.33,88.61,134,253.0,703.0
2024-09-04,Meghalaya,East Khasi Hills,25.57,91.88,189,397.0,925.0
2024-09-05,Sikkim,East Sikkim,27.33,88.61,112,365.0,708.0
2024-09-05,Meghalaya,East Khasi Hills,25.57,91.88,19,378.0,782.0
2024-09-06,Sikkim,East Sikkim,27.33,88.61,185,431.0,880.0
2024-09-06,Meghalaya,East Khasi Hills,25.57,91.88,154,362.0,910.0
2024-09-07,Sikkim,East Sikkim,27.33,88.61,32,329.0,722.0
2024-09-07,Meghalaya,East Khasi Hills,25.57,91.88,187,360.0,919.0
2024-09-08,Sikkim,East Sikkim,27.33,88.61,151,368.0,733.0
2024-09-08,Meghalaya,East Khasi Hills,25.57,91.88,157,498.0,914.0
2024-09-09,Sikkim,East Sikkim,27.33,88.61,6,189.0,739.0
2024-09-09,Meghalaya,East Khasi Hills,25.57,91.88,123,467.0,999.0
2024-09-10,Sikkim,East Sikkim,27.33,88.61,161,318.0,781.0
2024-09-10,Meghalaya,East Khasi Hills,25.57,91.88,115,395.0,944.0
2024-09-11,Sikkim,East Sikkim,27.33,88.61,19,186.0,666.0
2024-09-11,Meghalaya,East Khasi Hills,25.57,91.88,33,271.0,788.0
2024-09-12,Sikkim,East Sikkim,27.33,88.61,195,375.0,749.0
2024-09-12,Meghalaya,East Khasi Hills,25.57,91.88,38,186.0,807.0
2024-09-13,Sikkim,East Sikkim,27.33,88.61,120,334.0,684.0
2024-09-13,Meghalaya,East Khasi Hills,25.57,91.88,172,243.0,825.0
2024-09-14,Sikkim,East Sikkim,27.33,88.61,31,346.0,683.0
2024-09-14,Meghalaya,East Khasi Hills,25.57,91.88,113,323.0,751.0
2024-09-15,Sikkim,East Sikkim,27.33,88.61,131,282.0,663.0
2024-09-15,Meghalaya,East Khasi Hills,25.57,91.88,84,369.0,678.0
2024-09-16,Sikkim,East Sikkim,27.33,88.61,153,315.0,810.0
2024-09-16,Meghalaya,East Khasi Hills,25.57,91.88,123,320.0,678.0
2024-09-17,Sikkim,East Sikkim,27.33,88.61,108,392.0,757.0
2024-09-17,Meghalaya,East Khasi Hills,25.57,91.88,161,368.0,724.0
2024-09-18,Sikkim,East Sikkim,27.33,88.61,196,457.0,934.0
2024-09-18,Meghalaya,East Khasi Hills,25.57,91.88,125,409.0,816.0
2024-09-19,Sikkim,East Sikkim,27.33,88.61,188,492.0,927.0
2024-09-19,Meghalaya,East Khasi Hills,25.57,91.88,35,321.0,813.0
2024-09-20,Sikkim,East Sikkim,27.33,88.61,6,390.0,813.0
2024-09-20,Meghalaya,East Khasi Hills,25.57,91.88,174,334.0,815.0
2024-09-21,Sikkim,East Sikkim,27.33,88.61,35,229.0,817.0
2024-09-21,Meghalaya,East Khasi Hills,25.57,91.88,103,312.0,805.0
2024-09-22,Sikkim,East Sikkim,27.33,88.61,195,236.0,881.0
2024-09-22,Meghalaya,East Khasi Hills,25.57,91.88,91,368.0,812.0
2024-09-23,Sikkim,East Sikkim,27.33,88.61,14,244.0,742.0
2024-09-23,Meghalaya,East Khasi Hills,25.57,91.88,119,313.0,808.0
2024-09-24,Sikkim,East Sikkim,27.33,88.61,193,402.0,827.0
2024-09-24,Meghalaya,East Khasi Hills,25.57,91.88,113,323.0,760.0
2024-09-25,Sikkim,East Sikkim,27.33,88.61,139,346.0,770.0
2024-09-25,Meghalaya,East Khasi Hills,25.57,91.88,140,372.0,775.0
2024-09-26,Sikkim,East Sikkim,27.33,88.61,40,372.0,622.0
2024-09-26,Meghalaya,East Khasi Hills,25.57,91.88,200,453.0,940.0
2024-09-27,Sikkim,East Sikkim,27.33,88.61,140,319.0,756.0
2024-09-27,Meghalaya,East Khasi Hills,25.57,91.88,144,484.0,910.0
2024-09-28,Sikkim,East Sikkim,27.33,88.61,24,204.0,745.0
2024-09-28,Meghalaya,East Khasi Hills,25.57,91.88,132,476.0,939.0
2024-09-29,Sikkim,East Sikkim,27.33,88.61,9,173.0,559.0
2024-09-29,Meghalaya,East Khasi Hills,25.57,91.88,12,288.0,860.0
2024-09-30,Sikkim,East Sikkim,27.33,88.61,152,185.0,697.0
2024-09-30,Meghalaya,East Khasi Hills,25.57,91.88,138,282.0,879.0
2024-10-01,Sikkim,East Sikkim,27.33,88.61,9,170.0,513.0
2024-10-01,Meghalaya,East Khasi Hills,25.57,91.88,20,170.0,786.0
2024-10-02,Sikkim,East Sikkim,27.33,88.61,11,172.0,385.0
2024-10-02,Meghalaya,East Khasi Hills,25.57,91.88,5,163.0,651.0
2024-10-03,Sikkim,East Sikkim,27.33,88.61,31,51.0,376.0
2024-10-03,Meghalaya,East Khasi Hills,25.57,91.88,21,46.0,472.0
2024-10-04,Sikkim,East Sikkim,27.33,88.61,40,82.0,276.0
2024-10-04,Meghalaya,East Khasi Hills,25.57,91.88,11,37.0,339.0
2024-10-05,Sikkim,East Sikkim,27.33,88.61,20,91.0,272.0
2024-10-05,Meghalaya,East Khasi Hills,25.57,91.88,40,72.0,247.0
2024-10-06,Sikkim,East Sikkim,27.33,88.61,3,63.0,266.0
2024-10-06,Meghalaya,East Khasi Hills,25.57,91.88,0,51.0,235.0
2024-10-07,Sikkim,East Sikkim,27.33,88.61,28,51.0,142.0
2024-10-07,Meghalaya,East Khasi Hills,25.57,91.88,17,57.0,114.0
2024-10-08,Sikkim,East Sikkim,27.33,88.61,13,44.0,146.0
2024-10-08,Meghalaya,East Khasi Hills,25.57,91.88,10,27.0,104.0
2024-10-09,Sikkim,East Sikkim,27.33,88.61,36,77.0,171.0
2024-10-09,Meghalaya,East Khasi Hills,25.57,91.88,10,37.0,109.0
2024-10-10,Sikkim,East Sikkim,27.33,88.61,31,80.0,171.0
2024-10-10,Meghalaya,East Khasi Hills,25.57,91.88,5,25.0,93.0
2024-10-11,Sikkim,East Sikkim,27.33,88.61,8,75.0,139.0
2024-10-11,Meghalaya,East Khasi Hills,25.57,91.88,39,54.0,121.0
2024-10-12,Sikkim,East Sikkim,27.33,88.61,27,66.0,146.0
2024-10-12,Meghalaya,East Khasi Hills,25.57,91.88,40,84.0,121.0
2024-10-13,Sikkim,East Sikkim,27.33,88.61,27,62.0,170.0
2024-10-13,Meghalaya,East Khasi Hills,25.57,91.88,25,104.0,146.0
2024-10-14,Sikkim,East Sikkim,27.33,88.61,27,81.0,169.0
2024-10-14,Meghalaya,East Khasi Hills,25.57,91.88,30,95.0,159.0
2024-10-15,Sikkim,East Sikkim,27.33,88.61,24,78.0,180.0
2024-10-15,Meghalaya,East Khasi Hills,25.57,91.88,0,55.0,149.0
2024-10-16,Sikkim,East Sikkim,27.33,88.61,2,53.0,146.0
2024-10-16,Meghalaya,East Khasi Hills,25.57,91.88,34,64.0,173.0
2024-10-17,Sikkim,East Sikkim,27.33,88.61,12,38.0,127.0
2024-10-17,Meghalaya,East Khasi Hills,25.57,91.88,23,57.0,191.0
2024-10-18,Sikkim,East Sikkim,27.33,88.61,0,14.0,119.0
2024-10-18,Meghalaya,East Khasi Hills,25.57,91.88,20,77.0,172.0
2024-10-19,Sikkim,East Sikkim,27.33,88.61,33,45.0,125.0
2024-10-19,Meghalaya,East Khasi Hills,25.57,91.88,12,55.0,144.0
2024-10-20,Sikkim,East Sikkim,27.33,88.61,1,34.0,99.0
2024-10-20,Meghalaya,East Khasi Hills,25.57,91.88,0,32.0,119.0
2024-10-21,Sikkim,East Sikkim,27.33,88.61,40,74.0,112.0
2024-10-21,Meghalaya,East Khasi Hills,25.57,91.88,15,27.0,104.0
2024-10-22,Sikkim,East Sikkim,27.33,88.61,14,55.0,102.0
2024-10-22,Meghalaya,East Khasi Hills,25.57,91.88,22,37.0,126.0
2024-10-23,Sikkim,East Sikkim,27.33,88.61,19,73.0,119.0
2024-10-23,Meghalaya,East Khasi Hills,25.57,91.88,8,45.0,100.0
2024-10-24,Sikkim,East Sikkim,27.33,88.61,6,39.0,113.0
2024-10-24,Meghalaya,East Khasi Hills,25.57,91.88,24,54.0,101.0
2024-10-25,Sikkim,East Sikkim,27.33,88.61,32,57.0,145.0
2024-10-25,Meghalaya,East Khasi Hills,25.57,91.88,37,69.0,118.0
2024-10-26,Sikkim,East Sikkim,27.33,88.61,19,57.0,131.0
2024-10-26,Meghalaya,East Khasi Hills,25.57,91.88,10,71.0,116.0
2024-10-27,Sikkim,East Sikkim,27.33,88.61,4,55.0,134.0
2024-10-27,Meghalaya,East Khasi Hills,25.57,91.88,2,49.0,118.0
2024-10-28,Sikkim,East Sikkim,27.33,88.61,19,42.0,113.0
2024-10-28,Meghalaya,East Khasi Hills,25.57,91.88,18,30.0,121.0
2024-10-29,Sikkim,East Sikkim,27.33,88.61,29,52.0,128.0
2024-10-29,Meghalaya,East Khasi Hills,25.57,91.88,33,53.0,132.0
2024-10-30,Sikkim,East Sikkim,27.33,88.61,38,86.0,147.0
2024-10-30,Meghalaya,East Khasi Hills,25.57,91.88,33,84.0,157.0
2024-10-31,Sikkim,East Sikkim,27.33,88.61,21,88.0,162.0
2024-10-31,Meghalaya,East Khasi Hills,25.57,91.88,27,93.0,160.0
2024-11-01,Sikkim,East Sikkim,27.33,88.61,8,67.0,138.0
2024-11-01,Meghalaya,East Khasi Hills,25.57,91.88,21,81.0,144.0
2024-11-02,Sikkim,East Sikkim,27.33,88.61,31,60.0,150.0
2024-11-02,Meghalaya,East Khasi Hills,25.57,91.88,22,70.0,156.0
2024-11-03,Sikkim,East Sikkim,27.33,88.61,12,51.0,158.0
2024-11-03,Meghalaya,East Khasi Hills,25.57,91.88,10,53.0,164.0
2024-11-04,Sikkim,East Sikkim,27.33,88.61,25,68.0,164.0
2024-11-04,Meghalaya,East Khasi Hills,25.57,91.88,1,33.0,147.0
2024-11-05,Sikkim,East Sikkim,27.33,88.61,14,51.0,149.0
2024-11-05,Meghalaya,East Khasi Hills,25.57,91.88,14,25.0,128.0
2024-11-06,Sikkim,East Sikkim,27.33,88.61,8,47.0,119.0
2024-11-06,Meghalaya,East Khasi Hills,25.57,91.88,13,28.0,108.0
2024-11-07,Sikkim,East Sikkim,27.33,88.61,1,23.0,99.0
2024-11-07,Meghalaya,East Khasi Hills,25.57,91.88,37,64.0,118.0
2024-11-08,Sikkim,East Sikkim,27.33,88.61,32,41.0,123.0
2024-11-08,Meghalaya,East Khasi Hills,25.57,91.88,10,60.0,107.0
2024-11-09,Sikkim,East Sikkim,27.33,88.61,7,40.0,99.0
2024-11-09,Meghalaya,East Khasi Hills,25.57,91.88,23,70.0,108.0
2024-11-10,Sikkim,East Sikkim,27.33,88.61,2,41.0,89.0
2024-11-10,Meghalaya,East Khasi Hills,25.57,91.88,24,57.0,122.0
2024-11-11,Sikkim,East Sikkim,27.33,88.61,40,49.0,104.0
2024-11-11,Meghalaya,East Khasi Hills,25.57,91.88,16,63.0,137.0
2024-11-12,Sikkim,East Sikkim,27.33,88.61,34,76.0,124.0
2024-11-12,Meghalaya,East Khasi Hills,25.57,91.88,39,79.0,162.0
2024-11-13,Sikkim,East Sikkim,27.33,88.61,3,77.0,119.0
2024-11-13,Meghalaya,East Khasi Hills,25.57,91.88,38,93.0,187.0
2024-11-14,Sikkim,East Sikkim,27.33,88.61,3,40.0,121.0
2024-11-14,Meghalaya,East Khasi Hills,25.57,91.88,6,83.0,156.0
2024-11-15,Sikkim,East Sikkim,27.33,88.61,1,7.0,90.0
2024-11-15,Meghalaya,East Khasi Hills,25.57,91.88,3,47.0,149.0
2024-11-16,Sikkim,East Sikkim,27.33,88.61,7,11.0,90.0
2024-11-16,Meghalaya,East Khasi Hills,25.57,91.88,26,35.0,152.0
2024-11-17,Sikkim,East Sikkim,27.33,88.61,28,36.0,116.0
2024-11-17,Meghalaya,East Khasi Hills,25.57,91.88,24,53.0,152.0
2024-11-18,Sikkim,East Sikkim,27.33,88.61,7,42.0,83.0
2024-11-18,Meghalaya,East Khasi Hills,25.57,91.88,35,85.0,171.0
2024-11-19,Sikkim,East Sikkim,27.33,88.61,16,51.0,65.0
2024-11-19,Meghalaya,East Khasi Hills,25.57,91.88,30,89.0,162.0
2024-11-20,Sikkim,East Sikkim,27.33,88.61,9,32.0,71.0
2024-11-20,Meghalaya,East Khasi Hills,25.57,91.88,13,78.0,137.0
2024-11-21,Sikkim,East Sikkim,27.33,88.61,40,65.0,108.0
2024-11-21,Meghalaya,East Khasi Hills,25.57,91.88,0,43.0,131.0
2024-11-22,Sikkim,East Sikkim,27.33,88.61,19,68.0,126.0
2024-11-22,Meghalaya,East Khasi Hills,25.57,91.88,26,39.0,154.0
2024-11-23,Sikkim,East Sikkim,27.33,88.61,6,65.0,125.0
2024-11-23,Meghalaya,East Khasi Hills,25.57,91.88,33,59.0,161.0
2024-11-24,Sikkim,East Sikkim,27.33,88.61,17,42.0,114.0
2024-11-24,Meghalaya,East Khasi Hills,25.57,91.88,39,98.0,176.0
2024-11-25,Sikkim,East Sikkim,27.33,88.61,38,61.0,145.0
2024-11-25,Meghalaya,East Khasi Hills,25.57,91.88,8,80.0,149.0
2024-11-26,Sikkim,East Sikkim,27.33,88.61,26,81.0,155.0
2024-11-26,Meghalaya,East Khasi Hills,25.57,91.88,6,53.0,125.0
2024-11-27,Sikkim,East Sikkim,27.33,88.61,32,96.0,178.0
2024-11-27,Meghalaya,East Khasi Hills,25.57,91.88,39,53.0,151.0
2024-11-28,Sikkim,East Sikkim,27.33,88.61,7,65.0,145.0
2024-11-28,Meghalaya,East Khasi Hills,25.57,91.88,18,63.0,169.0
2024-11-29,Sikkim,East Sikkim,27.33,88.61,7,46.0,133.0
2024-11-29,Meghalaya,East Khasi Hills,25.57,91.88,6,63.0,149.0
2024-11-30,Sikkim,East Sikkim,27.33,88.61,31,45.0,158.0
2024-11-30,Meghalaya,East Khasi Hills,25.57,91.88,12,36.0,128.0
2024-12-01,Sikkim,East Sikkim,27.33,88.61,38,76.0,179.0
2024-12-01,Meghalaya,East Khasi Hills,25.57,91.88,12,30.0,101.0
2024-12-02,Sikkim,East Sikkim,27.33,88.61,16,85.0,157.0
2024-12-02,Meghalaya,East Khasi Hills,25.57,91.88,33,57.0,126.0
2024-12-03,Sikkim,East Sikkim,27.33,88.61,12,66.0,143.0
2024-12-03,Meghalaya,East Khasi Hills,25.57,91.88,22,67.0,142.0
2024-12-04,Sikkim,East Sikkim,27.33,88.61,26,54.0,137.0
2024-12-04,Meghalaya,East Khasi Hills,25.57,91.88,18,73.0,121.0
2024-12-05,Sikkim,East Sikkim,27.33,88.61,10,48.0,140.0
2024-12-05,Meghalaya,East Khasi Hills,25.57,91.88,2,42.0,105.0
2024-12-06,Sikkim,East Sikkim,27.33,88.61,35,71.0,168.0
2024-12-06,Meghalaya,East Khasi Hills,25.57,91.88,31,51.0,130.0
2024-12-07,Sikkim,East Sikkim,27.33,88.61,13,58.0,150.0
2024-12-07,Meghalaya,East Khasi Hills,25.57,91.88,30,63.0,148.0
2024-12-08,Sikkim,East Sikkim,27.33,88.61,21,69.0,133.0
2024-12-08,Meghalaya,East Khasi Hills,25.57,91.88,15,76.0,151.0
2024-12-09,Sikkim,East Sikkim,27.33,88.61,0,34.0,117.0
2024-12-09,Meghalaya,East Khasi Hills,25.57,91.88,0,45.0,118.0
2024-12-10,Sikkim,East Sikkim,27.33,88.61,5,26.0,110.0
2024-12-10,Meghalaya,East Khasi Hills,25.57,91.88,7,22.0,103.0
2024-12-11,Sikkim,East Sikkim,27.33,88.61,36,41.0,120.0
2024-12-11,Meghalaya,East Khasi Hills,25.57,91.88,31,38.0,116.0
2024-12-12,Sikkim,East Sikkim,27.33,88.61,9,50.0,119.0
2024-12-12,Meghalaya,East Khasi Hills,25.57,91.88,5,43.0,119.0
2024-12-13,Sikkim,East Sikkim,27.33,88.61,32,77.0,116.0
2024-12-13,Meghalaya,East Khasi Hills,25.57,91.88,4,40.0,92.0
2024-12-14,Sikkim,East Sikkim,27.33,88.61,6,47.0,109.0
2024-12-14,Meghalaya,East Khasi Hills,25.57,91.88,16,25.0,78.0
2024-12-15,Sikkim,East Sikkim,27.33,88.61,14,52.0,102.0
2024-12-15,Meghalaya,East Khasi Hills,25.57,91.88,29,49.0,92.0
2024-12-16,Sikkim,East Sikkim,27.33,88.61,18,38.0,120.0
2024-12-16,Meghalaya,East Khasi Hills,25.57,91.88,16,61.0,108.0
2024-12-17,Sikkim,East Sikkim,27.33,88.61,29,61.0,144.0
2024-12-17,Meghalaya,East Khasi Hills,25.57,91.88,3,48.0,104.0
2024-12-18,Sikkim,East Sikkim,27.33,88.61,6,53.0,114.0
2024-12-18,Meghalaya,East Khasi Hills,25.57,91.88,11,30.0,84.0
2024-12-19,Sikkim,East Sikkim,27.33,88.61,2,37.0,107.0
2024-12-19,Meghalaya,East Khasi Hills,25.57,91.88,18,32.0,97.0
2024-12-20,Sikkim,East Sikkim,27.33,88.61,23,31.0,98.0
2024-12-20,Meghalaya,East Khasi Hills,25.57,91.88,20,49.0,113.0
2024-12-21,Sikkim,East Sikkim,27.33,88.61,27,52.0,119.0
2024-12-21,Meghalaya,East Khasi Hills,25.57,91.88,7,45.0,104.0
2024-12-22,Sikkim,East Sikkim,27.33,88.61,6,56.0,111.0
2024-12-22,Meghalaya,East Khasi Hills,25.57,91.88,2,29.0,77.0
2024-12-23,Sikkim,East Sikkim,27.33,88.61,0,33.0,93.0
2024-12-23,Meghalaya,East Khasi Hills,25.57,91.88,8,17.0,69.0
2024-12-24,Sikkim,East Sikkim,27.33,88.61,10,16.0,74.0
2024-12-24,Meghalaya,East Khasi Hills,25.57,91.88,21,31.0,87.0
2024-12-25,Sikkim,East Sikkim,27.33,88.61,22,32.0,90.0
2024-12-25,Meghalaya,East Khasi Hills,25.57,91.88,28,57.0,104.0
2024-12-26,Sikkim,East Sikkim,27.33,88.61,39,71.0,127.0
2024-12-26,Meghalaya,East Khasi Hills,25.57,91.88,17,66.0,103.0
2024-12-27,Sikkim,East Sikkim,27.33,88.61,5,66.0,109.0
2024-12-27,Meghalaya,East Khasi Hills,25.57,91.88,23,68.0,106.0
2024-12-28,Sikkim,East Sikkim,27.33,88.61,21,65.0,103.0
2024-12-28,Meghalaya,East Khasi Hills,25.57,91.88,11,51.0,110.0
2024-12-29,Sikkim,East Sikkim,27.33,88.61,7,33.0,104.0
2024-12-29,Meghalaya,East Khasi Hills,25.57,91.88,25,59.0,133.0
2024-12-30,Sikkim,East Sikkim,27.33,88.61,25,53.0,129.0
2024-12-30,Meghalaya,East Khasi Hills,25.57,91.88,29,65.0,154.0
